SKpersonId_person1,SKpersonId_person2,personStrId_person1,personStrId_person2,sign
skp003755,skp003623,Apollonio Bassetti^1631^1699^0,Antonio Marco Magliabechi^1633^1714^0,-1
skp008118,skp003623,Christophorus Arnoldus van Neurenberg^0^0^1666,Antonio Marco Magliabechi^1633^1714^0,-1
skp011835,skp003623,Enrico Noris^1631^1704^0,Antonio Marco Magliabechi^1633^1714^0,-1
skp003539,skp003623,Anton Maria Salvini^1653^1729^0,Antonio Marco Magliabechi^1633^1714^0,1
skp028586,skp024024,Johannes Georgius Graevius^1632^1703^0,Jacobus Gronovius^1645^1716^0,1
skp024024,skp042335,Jacobus Gronovius^1645^1716^0,Theodorus Rijckius^1640^1690^0,-1
gap0025,skp003623,Aldimari Biagio^0^0^1693,Antonio Marco Magliabechi^1633^1714^0,1
gap0043,skp003623,Anastasio Filippo^0^0^1687,Antonio Marco Magliabechi^1633^1714^0,1
gap0048,skp003623,Andreini Pier Andrea^0^0^1690,Antonio Marco Magliabechi^1633^1714^0,1
gap0051,skp003623,Angelico di Genova^0^0^1687,Antonio Marco Magliabechi^1633^1714^0,1
gap0053,skp003623,Angeli Stefano^0^0^1670,Antonio Marco Magliabechi^1633^1714^0,1
gap0058,skp003623,Anisson; Posuel e Rigaud^0^0^1696,Antonio Marco Magliabechi^1633^1714^0,1
gap0059,skp003623,Anisson Jacques^0^0^1687,Antonio Marco Magliabechi^1633^1714^0,1
gap0060,skp003623,Anisson Jean^0^0^1679,Antonio Marco Magliabechi^1633^1714^0,1
skp001354,skp016830,Abel Tassin D'Allonne^1642^1723^0,Gijsbert Cuper^1644^1716^0,1
skp002291,skp037757,Albertus Alberthoma^1687^1758^0,Petrus Burman^1668^1741^0,1
skp002809,skp003623,Andreas Arnoldus^1646^1694^0,Antonio Marco Magliabechi^1633^1714^0,1
skp003243,skp003623,Ant. Pagi^0^0^1698,Antonio Marco Magliabechi^1633^1714^0,1
skp003349,skp003623,Antoine Bulifon^1640^1707^0,Antonio Marco Magliabechi^1633^1714^0,1
skp042320,skp003472,Theodorus Janssonius van Almeloveen^1657^1712^0,Antoine Teissier^1632^1715^0,1
skp003592,skp003623,Antonie van Leeuwenhoek^1632^1723^0,Antonio Marco Magliabechi^1633^1714^0,1
skp003592,skp007667,Antonie van Leeuwenhoek^1632^1723^0,Christiaan Huygens^1629^1695^0,1
gap0074,skp003623,Antonio da Terrinca^0^0^1681,Antonio Marco Magliabechi^1633^1714^0,1
gap0080,skp003623,Anunio Ottaviano^0^0^1689,Antonio Marco Magliabechi^1633^1714^0,1
gap0081,skp003623,Appiani Paolo Antonio^0^0^1691,Antonio Marco Magliabechi^1633^1714^0,1
gap0093,skp003623,Armellini Mariano^0^0^1690,Antonio Marco Magliabechi^1633^1714^0,1
gap0106,skp003623,Arrighi Stefano^0^0^1689,Antonio Marco Magliabechi^1633^1714^0,1
gap0119,skp003623,Averani Benedetto^0^0^1698,Antonio Marco Magliabechi^1633^1714^0,1
gap0123,skp003623,Ayroli Giacomo Maria^0^0^1681,Antonio Marco Magliabechi^1633^1714^0,1
gap0126,skp003623,Baba Andrea^0^0^1691,Antonio Marco Magliabechi^1633^1714^0,1
gap0130,skp003623,Bacchini Benedetto^0^0^1691,Antonio Marco Magliabechi^1633^1714^0,1
gap0135,skp003623,Badii Raffaello^0^0^1685,Antonio Marco Magliabechi^1633^1714^0,1
gap0137,skp003623,Baertius Franciscus^0^0^1688,Antonio Marco Magliabechi^1633^1714^0,1
gap0138,skp003623,Baffico Giovanni Francesco^0^0^1683,Antonio Marco Magliabechi^1633^1714^0,1
gap0140,skp003623,Baglioni Francesco^0^0^1689,Antonio Marco Magliabechi^1633^1714^0,1
gap0141,skp003623,Baglioni Paolo^0^0^1688,Antonio Marco Magliabechi^1633^1714^0,1
gap0147,skp003623,Bagnoli Giuseppe^0^0^1692,Antonio Marco Magliabechi^1633^1714^0,1
gap0158,skp003623,Baldocci Francesco Maria^0^0^1687,Antonio Marco Magliabechi^1633^1714^0,1
gap0165,skp003623,Balestri Giacomo^0^0^1689,Antonio Marco Magliabechi^1633^1714^0,1
gap0166,skp003623,Balestri Ridolfo^0^0^1697,Antonio Marco Magliabechi^1633^1714^0,1
gap0171,skp003623,Bambacari Cesare Niccolò^0^0^1688,Antonio Marco Magliabechi^1633^1714^0,1
gap0198,skp003623,Bargagli Giulio Giuseppe^0^0^1687,Antonio Marco Magliabechi^1633^1714^0,1
gap0202,skp003623,Barone Bonaventura^0^0^1681,Antonio Marco Magliabechi^1633^1714^0,1
gap0207,skp003623,Bartholinus Caspar^0^0^1678,Antonio Marco Magliabechi^1633^1714^0,1
gap0212,skp003623,Bartoli Domenico^0^0^1693,Antonio Marco Magliabechi^1633^1714^0,1
gap0213,skp003623,Bartolini Cristoforo^0^0^1688,Antonio Marco Magliabechi^1633^1714^0,1
gap0239,skp003623,Bellini Francesco Maria^0^0^1684,Antonio Marco Magliabechi^1633^1714^0,1
gap0251,skp003623,Bendinelli Michelangelo^0^0^1687,Antonio Marco Magliabechi^1633^1714^0,1
gap0261,skp003623,Benvenuti Bernardo^0^0^1667,Antonio Marco Magliabechi^1633^1714^0,1
gap0263,skp003623,Benvenuti Giovanni Francesco^0^0^1685,Antonio Marco Magliabechi^1633^1714^0,1
gap0266,skp003623,Berettari Francesco^0^0^1686,Antonio Marco Magliabechi^1633^1714^0,1
gap0267,skp003623,Beretti Muzio^0^0^1688,Antonio Marco Magliabechi^1633^1714^0,1
gap0276,skp003623,Bersighelli Camillo^0^0^1689,Antonio Marco Magliabechi^1633^1714^0,1
gap0279,skp003623,Berti Benedetto^0^0^1687,Antonio Marco Magliabechi^1633^1714^0,1
gap0283,skp003623,Betti Bernardo Maria^0^0^1689,Antonio Marco Magliabechi^1633^1714^0,1
gap0288,skp003623,Biffi Niccol•^0^0^1678,Antonio Marco Magliabechi^1633^1714^0,1
gap0295,skp003623,Bindi Arcangelo^0^0^1689,Antonio Marco Magliabechi^1633^1714^0,1
gap0307,skp003623,Blaeu Pietro^0^0^1672,Antonio Marco Magliabechi^1633^1714^0,1
gap0318,skp003623,Bolgi Pier Maria^0^0^1687,Antonio Marco Magliabechi^1633^1714^0,1
gap0322,skp003623,Bonanni Filippo^0^0^1700,Antonio Marco Magliabechi^1633^1714^0,1
gap0328,skp003623,Bondicchi Francesco^0^0^1679,Antonio Marco Magliabechi^1633^1714^0,1
gap0336,skp003623,Bonomi Giovanni Francesco^0^0^1688,Antonio Marco Magliabechi^1633^1714^0,1
gap0349,skp003623,Borghini Maria Selvaggia^0^0^1692,Antonio Marco Magliabechi^1633^1714^0,1
gap0351,skp003623,Borri Francesco Giuseppe^0^0^1687,Antonio Marco Magliabechi^1633^1714^0,1
gap0355,skp003623,Bosca Pietro Paolo^0^0^1680,Antonio Marco Magliabechi^1633^1714^0,1
gap0386,skp003623,Brondi Giuseppe^0^0^1678,Antonio Marco Magliabechi^1633^1714^0,1
gap0397,skp003623,Buccioli Domenico^0^0^1690,Antonio Marco Magliabechi^1633^1714^0,1
gap0398,skp003623,Bucelli Giuseppe^0^0^1695,Antonio Marco Magliabechi^1633^1714^0,1
gap0403,skp003623,Buonamici Salvatore^0^0^1689,Antonio Marco Magliabechi^1633^1714^0,1
gap0407,skp003623,Buondelmonti Ladislao^0^0^1690,Antonio Marco Magliabechi^1633^1714^0,1
gap0415,skp003623,Burlamacchi Guglielmo^0^0^1689,Antonio Marco Magliabechi^1633^1714^0,1
gap0428,skp003623,Cadorino Giacomo^0^0^1677,Antonio Marco Magliabechi^1633^1714^0,1
gap0431,skp003623,Calchberner^0^0^1696,Antonio Marco Magliabechi^1633^1714^0,1
gap0442,skp003623,Camerarius Rudolphus Jacobus^0^0^1692,Antonio Marco Magliabechi^1633^1714^0,1
gap0448,skp003623,Canale Giovanni^0^0^1683,Antonio Marco Magliabechi^1633^1714^0,1
gap0452,skp003623,Canneti Pietro^0^0^1695,Antonio Marco Magliabechi^1633^1714^0,1
gap0455,skp003623,Capalli Giovanni Battista^0^0^1685,Antonio Marco Magliabechi^1633^1714^0,1
gap0456,skp003623,Capassi Gherardo^0^0^1687,Antonio Marco Magliabechi^1633^1714^0,1
gap0464,skp003623,Capponi Francesco^0^0^1694,Antonio Marco Magliabechi^1633^1714^0,1
gap0468,skp003623,Caraccioli Antonio Francesco^0^0^1680,Antonio Marco Magliabechi^1633^1714^0,1
gap0469,skp003623,Carafa Carlo Maria^0^0^1690,Antonio Marco Magliabechi^1633^1714^0,1
gap0472,skp003623,Caramelli Antonio Francesco^0^0^1683,Antonio Marco Magliabechi^1633^1714^0,1
gap0487,skp003623,Carlo di S. Antonio da Padova^0^0^1676,Antonio Marco Magliabechi^1633^1714^0,1
gap0490,skp003623,Caro Francesco^0^0^1686,Antonio Marco Magliabechi^1633^1714^0,1
gap0498,skp003623,Casari Giovanni Aurelio^0^0^1691,Antonio Marco Magliabechi^1633^1714^0,1
gap0499,skp003623,Casati Paolo^0^0^1680,Antonio Marco Magliabechi^1633^1714^0,1
gap0500,skp003623,Cascina Giuseppe Maria^0^0^1689,Antonio Marco Magliabechi^1633^1714^0,1
gap0502,skp003623,Casini Ippolito^0^0^1691,Antonio Marco Magliabechi^1633^1714^0,1
gap0509,skp003623,Castri Ottavio^0^0^1687,Antonio Marco Magliabechi^1633^1714^0,1
gap0510,skp003623,Catalani Carlo Bonaventura^0^0^1689,Antonio Marco Magliabechi^1633^1714^0,1
gap0512,skp003623,Catelani Alessandro Luigi^0^0^1690,Antonio Marco Magliabechi^1633^1714^0,1
gap0527,skp003623,Cavina Pietro Maria^0^0^1679,Antonio Marco Magliabechi^1633^1714^0,1
gap0530,skp003623,Cecchi Giovanni Battista^0^0^1691,Antonio Marco Magliabechi^1633^1714^0,1
gap0541,skp003623,Cenni Giacomo Maria^0^0^1688,Antonio Marco Magliabechi^1633^1714^0,1
gap0545,skp003623,Centofiorini Girolamo^0^0^1693,Antonio Marco Magliabechi^1633^1714^0,1
gap0555,skp003623,Ceva Giovanni^0^0^1687,Antonio Marco Magliabechi^1633^1714^0,1
gap0556,skp003623,Ceva Tommaso^0^0^1695,Antonio Marco Magliabechi^1633^1714^0,1
gap0586,skp003623,Cinelli Silvestro Maria^0^0^1685,Antonio Marco Magliabechi^1633^1714^0,1
gap0589,skp003623,Ciogni Guglielmo^0^0^1693,Antonio Marco Magliabechi^1633^1714^0,1
gap0615,skp003623,Combi Sebastiano^0^0^1659,Antonio Marco Magliabechi^1633^1714^0,1
gap0619,skp003623,Comparini Benedetto^0^0^1688,Antonio Marco Magliabechi^1633^1714^0,1
gap0620,skp003623,Comparini Maddalena Angelica^0^0^1685,Antonio Marco Magliabechi^1633^1714^0,1
gap0622,skp003623,Comparini Maria Francesca^0^0^1673,Antonio Marco Magliabechi^1633^1714^0,1
gap0632,skp003623,Conti Giuseppe Antonio^0^0^1688,Antonio Marco Magliabechi^1633^1714^0,1
gap0634,skp003623,Conti Paolo Antonio^0^0^1693,Antonio Marco Magliabechi^1633^1714^0,1
gap0636,skp003623,Conzatti Zaccaria^0^0^1684,Antonio Marco Magliabechi^1633^1714^0,1
gap0641,skp003623,Cordini Francesco^0^0^1688,Antonio Marco Magliabechi^1633^1714^0,1
gap0645,skp003623,Corniani Giovanni Giacomo^0^0^1686,Antonio Marco Magliabechi^1633^1714^0,1
gap0647,skp003623,Coronelli Vincenzo Maria^1650^1718^0,Antonio Marco Magliabechi^1633^1714^0,1
gap0662,skp003623,Cosmi Stefano^0^0^1683,Antonio Marco Magliabechi^1633^1714^0,1
gap0668,skp003623,Costa Giovanni Battista^0^0^1690,Antonio Marco Magliabechi^1633^1714^0,1
gap0677,skp003623,Crasso Lorenzo^0^0^1684,Antonio Marco Magliabechi^1633^1714^0,1
gap0680,skp003623,Crescimbeni Giovanni Mario^0^0^1697,Antonio Marco Magliabechi^1633^1714^0,1
gap0681,skp003623,Cress Giorgio Cristoforo di Cres-senstein^0^0^1688,Antonio Marco Magliabechi^1633^1714^0,1
gap0701,skp003623,D'Elci Filippo^0^0^1686,Antonio Marco Magliabechi^1633^1714^0,1
gap0705,skp003623,Damaideno Teodoro^0^0^1682,Antonio Marco Magliabechi^1633^1714^0,1
gap0720,skp003623,David Domenico^0^0^1691,Antonio Marco Magliabechi^1633^1714^0,1
gap0755,skp003623,Del Teglia Matteo^0^0^1686,Antonio Marco Magliabechi^1633^1714^0,1
gap0757,skp003623,De Milo Domenico Andrea^0^0^1697,Antonio Marco Magliabechi^1633^1714^0,1
gap0758,skp003623,De Miro Giovanni Battista^0^0^1691,Antonio Marco Magliabechi^1633^1714^0,1
gap0765,skp003623,Deza Massimiliano^0^0^1691,Antonio Marco Magliabechi^1633^1714^0,1
gap0773,skp003623,Di Fosco Domenico^0^0^1689,Antonio Marco Magliabechi^1633^1714^0,1
gap0777,skp003623,Di Negri Giovanni Giacomo^0^0^1690,Antonio Marco Magliabechi^1633^1714^0,1
gap0795,skp003623,Doni Francesco^0^0^1683,Antonio Marco Magliabechi^1633^1714^0,1
gap0797,skp003623,Donnoli Francesco Alfonso^0^0^1682,Antonio Marco Magliabechi^1633^1714^0,1
gap0818,skp003623,Ecchellenze Dionisio^0^0^1687,Antonio Marco Magliabechi^1633^1714^0,1
gap0819,skp003623,Edelius Giovanni^0^0^1687,Antonio Marco Magliabechi^1633^1714^0,1
gap0830,skp003623,Erico Giovanni Pietro^0^0^1701,Antonio Marco Magliabechi^1633^1714^0,1
gap0834,skp003623,Estiennot Claude^0^0^1689,Antonio Marco Magliabechi^1633^1714^0,1
gap0852,skp003623,Falugi Virgilio^0^0^1694,Antonio Marco Magliabechi^1633^1714^0,1
gap0877,skp003623,Ferri Giacomo^0^0^1686,Antonio Marco Magliabechi^1633^1714^0,1
gap0880,skp003623,Ferroni Giovanni Francesco^0^0^1692,Antonio Marco Magliabechi^1633^1714^0,1
gap0881,skp003623,Ferroni Giuseppe^0^0^1684,Antonio Marco Magliabechi^1633^1714^0,1
gap0882,skp003623,Fesch Sebastian^0^0^1685,Antonio Marco Magliabechi^1633^1714^0,1
gap0902,skp003623,Fioravanti Aurelio^0^0^1688,Antonio Marco Magliabechi^1633^1714^0,1
gap0907,skp003623,Fiorentini Mario^0^0^1698,Antonio Marco Magliabechi^1633^1714^0,1
gap0913,skp003623,Fontana Fulvio^0^0^1688,Antonio Marco Magliabechi^1633^1714^0,1
gap0921,skp003623,Forzoni Accolti Pier Andrea^0^0^1689,Antonio Marco Magliabechi^1633^1714^0,1
gap0926,skp003623,Frambotti Giuseppe^0^0^1684,Antonio Marco Magliabechi^1633^1714^0,1
gap0927,skp003623,Frambotti Pietro Maria^0^0^1684,Antonio Marco Magliabechi^1633^1714^0,1
gap0939,skp003623,Franchini Giovanni^0^0^1688,Antonio Marco Magliabechi^1633^1714^0,1
gap0970,skp003623,Galliani Coccapani Giovanni^0^0^1687,Antonio Marco Magliabechi^1633^1714^0,1
gap0974,skp003623,Gandolfo Antonio^0^0^1690,Antonio Marco Magliabechi^1633^1714^0,1
gap0982,skp003623,Gastines Carlo de^0^0^1688,Antonio Marco Magliabechi^1633^1714^0,1
gap0984,skp003623,Gastines Gilles de^0^0^1673,Antonio Marco Magliabechi^1633^1714^0,1
gap0995,skp003623,Germain Michel^0^0^1688,Antonio Marco Magliabechi^1633^1714^0,1
gap1007,skp003623,Giamberti Luca^0^0^1694,Antonio Marco Magliabechi^1633^1714^0,1
gap1011,skp003623,Giannelli Basilio^0^0^1692,Antonio Marco Magliabechi^1633^1714^0,1
gap1017,skp003623,Gianninelli Giovanni Maria^0^0^1690,Antonio Marco Magliabechi^1633^1714^0,1
gap1055,skp003623,Girolamo Maria di S. Anna^0^0^1695,Antonio Marco Magliabechi^1633^1714^0,1
gap1057,skp003623,Gittio Andrea Giuseppe^0^0^1692,Antonio Marco Magliabechi^1633^1714^0,1
gap1059,skp003623,Giulianetti Giovan Paolo^0^0^1683,Antonio Marco Magliabechi^1633^1714^0,1
gap1063,skp003623,Giuseppe da Firenze^0^0^1678,Antonio Marco Magliabechi^1633^1714^0,1
gap1066,skp003623,Giuseppe di Ges— Maria^0^0^1687,Antonio Marco Magliabechi^1633^1714^0,1
gap1086,skp003623,Gradi Francesca^0^0^1698,Antonio Marco Magliabechi^1633^1714^0,1
gap1103,skp003623,Grazzini Filippo^0^0^1677,Antonio Marco Magliabechi^1633^1714^0,1
gap1114,skp003623,Guadagni Pier Antonio^0^0^1661,Antonio Marco Magliabechi^1633^1714^0,1
gap1124,skp003623,Guglielmini Domenico^0^0^1692,Antonio Marco Magliabechi^1633^1714^0,1
gap1132,skp003623,Guidi Filippo^0^0^1695,Antonio Marco Magliabechi^1633^1714^0,1
gap1146,skp003623,Heckel Johann Friedrich^0^0^1691,Antonio Marco Magliabechi^1633^1714^0,1
gap1153,skp003623,Hertz Giovanni Giacomo^0^0^1686,Antonio Marco Magliabechi^1633^1714^0,1
gap1154,skp003623,Hertz Michele^0^0^1691,Antonio Marco Magliabechi^1633^1714^0,1
gap1157,skp003623,Hildebrand Andreas^0^0^1689,Antonio Marco Magliabechi^1633^1714^0,1
gap1165,skp003623,Hopfer Erasmo^0^0^1685,Antonio Marco Magliabechi^1633^1714^0,1
gap1191,skp003623,Imbonati Carlo Giuseppe^0^0^1691,Antonio Marco Magliabechi^1633^1714^0,1
gap1206,skp003623,Job Christian^0^0^1684,Antonio Marco Magliabechi^1633^1714^0,1
gap1213,skp003623,Konig Emanuel^0^0^1688,Antonio Marco Magliabechi^1633^1714^0,1
gap1240,skp003623,Langenmantel Hieronymus Ambrosius^0^0^1687,Antonio Marco Magliabechi^1633^1714^0,1
gap1246,skp003623,Lapi Jacopo^0^0^1680,Antonio Marco Magliabechi^1633^1714^0,1
gap1249,skp003623,La Salle Ferdinand de^0^0^1693,Antonio Marco Magliabechi^1633^1714^0,1
gap1252,skp003623,Latini Cosimo^0^0^1698,Antonio Marco Magliabechi^1633^1714^0,1
gap1262,skp003623,Lemene Francesco^0^0^1695,Antonio Marco Magliabechi^1633^1714^0,1
gap1265,skp003623,Lena Francesco^0^0^1692,Antonio Marco Magliabechi^1633^1714^0,1
gap1269,skp003623,Leonardi Donato Antonio^0^0^1693,Antonio Marco Magliabechi^1633^1714^0,1
gap1285,skp003623,Livi Francesco^0^0^1686,Antonio Marco Magliabechi^1633^1714^0,1
gap1307,skp003623,Lucchesini Gian Lorenzo^0^0^1696,Antonio Marco Magliabechi^1633^1714^0,1
gap1310,skp003623,Lucchesini Niccol•^0^0^1697,Antonio Marco Magliabechi^1633^1714^0,1
gap1328,skp003623,Macchetti Teofilo^0^0^1692,Antonio Marco Magliabechi^1633^1714^0,1
gap1329,skp003623,Macchioni Bartolomeo^0^0^1689,Antonio Marco Magliabechi^1633^1714^0,1
gap1334,skp003623,Macedo de Carvalho Francesco^0^0^1691,Antonio Marco Magliabechi^1633^1714^0,1
gap1340,skp003623,Maffei Paolo Alessandro^0^0^1682,Antonio Marco Magliabechi^1633^1714^0,1
gap1346,skp003623,Maggio Pier Matteo^0^0^1687,Antonio Marco Magliabechi^1633^1714^0,1
gap1348,skp003623,Magi Virginio^0^0^1675,Antonio Marco Magliabechi^1633^1714^0,1
gap1350,skp003623,Magliabechi Jacopo^0^0^1667,Antonio Marco Magliabechi^1633^1714^0,1
gap1353,skp003623,Magnavacca Giuseppe^0^0^1689,Antonio Marco Magliabechi^1633^1714^0,1
gap1356,skp003623,Magni Cornelio^0^0^1692,Antonio Marco Magliabechi^1633^1714^0,1
gap1361,skp003623,Maier Marco^0^0^1685,Antonio Marco Magliabechi^1633^1714^0,1
gap1365,skp003623,Malaspina Francesco Antonio^0^0^1689,Antonio Marco Magliabechi^1633^1714^0,1
gap1367,skp003623,Malatesta Garuffi Giuseppe^0^0^1689,Antonio Marco Magliabechi^1633^1714^0,1
gap1372,skp003623,Malvasia Carlo Cesare^0^0^1688,Antonio Marco Magliabechi^1633^1714^0,1
gap1376,skp003623,Manari Antonio^0^0^1690,Antonio Marco Magliabechi^1633^1714^0,1
gap1379,skp003623,Mancini Teresa Felice^0^0^1686,Antonio Marco Magliabechi^1633^1714^0,1
gap1388,skp003623,Mannucci Anton Francesco^0^0^1689,Antonio Marco Magliabechi^1633^1714^0,1
gap1389,skp003623,Mannucci Giuseppe^0^0^1692,Antonio Marco Magliabechi^1633^1714^0,1
gap1400,skp003623,Marchetti Alessandro^1633^1714^0,Antonio Marco Magliabechi^1633^1714^0,1
gap1402,skp003623,Marchetti Annibale^0^0^1694,Antonio Marco Magliabechi^1633^1714^0,1
gap1404,skp003623,Marchini Giovanni^0^0^1689,Antonio Marco Magliabechi^1633^1714^0,1
gap1408,skp003623,Mariani Angelo Girolamo^0^0^1689,Antonio Marco Magliabechi^1633^1714^0,1
gap1409,skp003623,Mariani Paolo^0^0^1682,Antonio Marco Magliabechi^1633^1714^0,1
gap1416,skp003623,Marmi Anton Francesco^0^0^1699,Antonio Marco Magliabechi^1633^1714^0,1
gap1418,skp003623,Marracci Lodovico^0^0^1685,Antonio Marco Magliabechi^1633^1714^0,1
gap1421,skp003623,Marsili Anton Felice^0^0^1698,Antonio Marco Magliabechi^1633^1714^0,1
gap1424,skp003623,Martelli Giovanni Vincenzo^0^0^1676,Antonio Marco Magliabechi^1633^1714^0,1
gap1427,skp003623,Martelli Pier Jacopo^0^0^1701,Antonio Marco Magliabechi^1633^1714^0,1
gap1433,skp003623,Marucelli Francesco^0^0^1671,Antonio Marco Magliabechi^1633^1714^0,1
gap1444,skp003623,Mattioli Ercole^0^0^1693,Antonio Marco Magliabechi^1633^1714^0,1
gap1471,skp003623,Mencke Otto^0^0^1693,Antonio Marco Magliabechi^1633^1714^0,1
gap1473,skp003623,Mengarelli Giovanni Battista^0^0^1683,Antonio Marco Magliabechi^1633^1714^0,1
gap1477,skp003623,Mercei Antonio^0^0^1695,Antonio Marco Magliabechi^1633^1714^0,1
gap1480,skp003623,Mercei Giovanni Luigi^0^0^1687,Antonio Marco Magliabechi^1633^1714^0,1
gap1482,skp003623,Merighi Romano^0^0^1688,Antonio Marco Magliabechi^1633^1714^0,1
gap1490,skp003623,Mezzabarba Birago Francesco Maria^0^0^1699,Antonio Marco Magliabechi^1633^1714^0,1
gap1495,skp003623,Michel Angelo;francescano^0^0^1693,Antonio Marco Magliabechi^1633^1714^0,1
gap1496,skp003623,Michelangelo da Firenze^0^0^1689,Antonio Marco Magliabechi^1633^1714^0,1
gap1498,skp003623,Michelangelo di Candia^0^0^1681,Antonio Marco Magliabechi^1633^1714^0,1
gap1502,skp003623,Mignanelli Giacomo^0^0^1689,Antonio Marco Magliabechi^1633^1714^0,1
gap1509,skp003623,Minorelli Tommaso Maria^0^0^1703,Antonio Marco Magliabechi^1633^1714^0,1
gap1528,skp003623,Monforte Antonio^0^0^1682,Antonio Marco Magliabechi^1633^1714^0,1
gap1534,skp003623,Montemellini Niccol•^0^0^1695,Antonio Marco Magliabechi^1633^1714^0,1
gap1563,skp003623,Nairone Fausto^0^0^1682,Antonio Marco Magliabechi^1633^1714^0,1
gap1573,skp003623,Negri Francesco^0^0^1684,Antonio Marco Magliabechi^1633^1714^0,1
gap1593,skp003623,Nicodemo Francesco^0^0^1685,Antonio Marco Magliabechi^1633^1714^0,1
gap1599,skp003623,Nomi Federico^0^0^1692,Antonio Marco Magliabechi^1633^1714^0,1
gap1609,skp003623,Odescalchi Giovan Pietro^0^0^1690,Antonio Marco Magliabechi^1633^1714^0,1
gap1622,skp003623,Orelli Giorgio^0^0^1688,Antonio Marco Magliabechi^1633^1714^0,1
gap1625,skp003623,Orlandi Francesco^0^0^1689,Antonio Marco Magliabechi^1633^1714^0,1
gap1633,skp003623,Ott Jean Baptiste^0^0^1695,Antonio Marco Magliabechi^1633^1714^0,1
gap1642,skp003623,Pacioni Vincenzo^0^0^1691,Antonio Marco Magliabechi^1633^1714^0,1
gap1646,skp003623,Paioli Anselmo^0^0^1684,Antonio Marco Magliabechi^1633^1714^0,1
gap1652,skp003623,Palmieri Cristoforo^0^0^1689,Antonio Marco Magliabechi^1633^1714^0,1
gap1655,skp003623,Panciatichi Caterina Angelica^0^0^1666,Antonio Marco Magliabechi^1633^1714^0,1
gap1669,skp003623,Paravicini Baldassarre^0^0^1683,Antonio Marco Magliabechi^1633^1714^0,1
gap1700,skp003623,Pellisson [Paul?]^0^0^1689,Antonio Marco Magliabechi^1633^1714^0,1
gap1721,skp003623,Pfinfing Johann Sigmund^0^0^1689,Antonio Marco Magliabechi^1633^1714^0,1
gap1725,skp003623,Pianetti Giuseppe^0^0^1689,Antonio Marco Magliabechi^1633^1714^0,1
gap1746,skp003623,Pisani Baldassarre^0^0^1689,Antonio Marco Magliabechi^1633^1714^0,1
gap1748,skp003623,Piselli Giuseppe^0^0^1688,Antonio Marco Magliabechi^1633^1714^0,1
gap1757,skp003623,Poderetti Giovanni Maria^0^0^1683,Antonio Marco Magliabechi^1633^1714^0,1
gap1764,skp003623,Poltri Domenico^0^0^1689,Antonio Marco Magliabechi^1633^1714^0,1
gap1766,skp003623,Poltri Placido^0^0^1690,Antonio Marco Magliabechi^1633^1714^0,1
gap1769,skp003623,Porter Francesco^0^0^1689,Antonio Marco Magliabechi^1633^1714^0,1
gap1783,skp003623,Pucci Serafino^0^0^1696,Antonio Marco Magliabechi^1633^1714^0,1
gap1786,skp003623,Pusterla Andrea^0^0^1690,Antonio Marco Magliabechi^1633^1714^0,1
gap1792,skp003623,Quilici Giuseppe Maria^0^0^1689,Antonio Marco Magliabechi^1633^1714^0,1
gap1796,skp003623,Raffaelli Raffaello^0^0^1683,Antonio Marco Magliabechi^1633^1714^0,1
gap1797,skp003623,Raffaello dell'Assunta^0^0^1693,Antonio Marco Magliabechi^1633^1714^0,1
gap1803,skp003623,Ramazzini Bernardino^1633^1714^0,Antonio Marco Magliabechi^1633^1714^0,1
gap1815,skp003623,Redi Francesco^1626^1697^0,Antonio Marco Magliabechi^1633^1714^0,1
gap1816,skp003623,Regali Matteo^0^0^1689,Antonio Marco Magliabechi^1633^1714^0,1
gap1834,skp003623,Reyer Samuel^0^0^1689,Antonio Marco Magliabechi^1633^1714^0,1
gap1841,skp003623,Ricci Carlo^0^0^1691,Antonio Marco Magliabechi^1633^1714^0,1
gap1842,skp003623,Ricci Giacomo^0^0^1689,Antonio Marco Magliabechi^1633^1714^0,1
gap1853,skp003623,Rigord Jean Pierre^0^0^1689,Antonio Marco Magliabechi^1633^1714^0,1
gap1863,skp003623,Roberti Gaudenzio^0^0^1689,Antonio Marco Magliabechi^1633^1714^0,1
gap1878,skp003623,Rossi Andrea^0^0^1693,Antonio Marco Magliabechi^1633^1714^0,1
gap1900,skp003623,Ruini Germano^0^0^1702,Antonio Marco Magliabechi^1633^1714^0,1
gap1909,skp003623,Sabatini Luigi^0^0^1691,Antonio Marco Magliabechi^1633^1714^0,1
gap1927,skp003623,Saminiati Amedeo^0^0^1686,Antonio Marco Magliabechi^1633^1714^0,1
gap1937,skp003623,Santerelli Filippo Quintiliano^0^0^1690,Antonio Marco Magliabechi^1633^1714^0,1
gap1941,skp003623,Saracinelli Francesco^0^0^1688,Antonio Marco Magliabechi^1633^1714^0,1
gap1944,skp003623,Sarnelli Pompeo^0^0^1687,Antonio Marco Magliabechi^1633^1714^0,1
gap1948,skp003623,Scaramucci Giovanni Battista^0^0^1693,Antonio Marco Magliabechi^1633^1714^0,1
gap1972,skp003623,Seravalli Angelo^0^0^1693,Antonio Marco Magliabechi^1633^1714^0,1
gap1973,skp003623,Sergardi Lodovico^0^0^1689,Antonio Marco Magliabechi^1633^1714^0,1
gap1976,skp003623,Sesti Ludovico^0^0^1680,Antonio Marco Magliabechi^1633^1714^0,1
gap1978,skp003623,Settimani Angelo Maria^0^0^1686,Antonio Marco Magliabechi^1633^1714^0,1
gap1984,skp003623,Signi Pietro^0^0^1689,Antonio Marco Magliabechi^1633^1714^0,1
gap1989,skp003623,Siminetti Averano^0^0^1677,Antonio Marco Magliabechi^1633^1714^0,1
gap1991,skp003623,Sinibaldi Carlo Andrea^0^0^1687,Antonio Marco Magliabechi^1633^1714^0,1
gap2003,skp003623,Sorer Giovanni Battista; Eredi di^0^0^1690,Antonio Marco Magliabechi^1633^1714^0,1
gap2009,skp003623,Sparaviero Francesco^0^0^1678,Antonio Marco Magliabechi^1633^1714^0,1
gap2028,skp003623,Stetten Hans de^0^0^1688,Antonio Marco Magliabechi^1633^1714^0,1
gap2036,skp003623,Strozzi Luigi^0^0^1684,Antonio Marco Magliabechi^1633^1714^0,1
gap2040,skp003623,Sturm Johann Christoph^0^0^1680,Antonio Marco Magliabechi^1633^1714^0,1
gap2060,skp003623,Tavecchi Giovanni Battista^0^0^1689,Antonio Marco Magliabechi^1633^1714^0,1
gap2087,skp003623,Tolomei Giovanni Battista^0^0^1695,Antonio Marco Magliabechi^1633^1714^0,1
gap2088,skp003623,Tomansi Leopoldo^0^0^1686,Antonio Marco Magliabechi^1633^1714^0,1
gap2099,skp003623,Tortolini Stefano^0^0^1691,Antonio Marco Magliabechi^1633^1714^0,1
gap2105,skp003623,Tozzi Luca^0^0^1693,Antonio Marco Magliabechi^1633^1714^0,1
gap2111,skp003623,Triveri Francesco Antonio^0^0^1680,Antonio Marco Magliabechi^1633^1714^0,1
gap2124,skp003623,Vaira Antonio^0^0^1695,Antonio Marco Magliabechi^1633^1714^0,1
gap2139,skp003623,Vanni Giovan Francesco^0^0^1687,Antonio Marco Magliabechi^1633^1714^0,1
gap2155,skp003623,Verdoni Mauro^0^0^1689,Antonio Marco Magliabechi^1633^1714^0,1
gap2156,skp003623,Verle Enrico^0^0^1687,Antonio Marco Magliabechi^1633^1714^0,1
gap2159,skp003623,Vernicci Ottavio^0^0^1688,Antonio Marco Magliabechi^1633^1714^0,1
gap2163,skp003623,Viali Felice^0^0^1678,Antonio Marco Magliabechi^1633^1714^0,1
gap2164,skp003623,Viani Jean Claude^0^0^1693,Antonio Marco Magliabechi^1633^1714^0,1
gap2181,skp003623,Vitale Girolamo^0^0^1680,Antonio Marco Magliabechi^1633^1714^0,1
gap2195,skp003623,Wedel Georg Wolfgang^0^0^1689,Antonio Marco Magliabechi^1633^1714^0,1
gap2202,skp003623,Wetstein Jean Rudolph^0^0^1684,Antonio Marco Magliabechi^1633^1714^0,1
gap2211,skp003623,Worms Jehosua^0^0^1688,Antonio Marco Magliabechi^1633^1714^0,1
gap2218,skp003623,Zaccagni Lorenzo^0^0^1700,Antonio Marco Magliabechi^1633^1714^0,1
gap2223,skp003623,Zani Valerio^0^0^1678,Antonio Marco Magliabechi^1633^1714^0,1
gap2251,skp003623,Caravaggi Pietro Paolo jr.^0^0^1689,Antonio Marco Magliabechi^1633^1714^0,1
gap2257,skp003623,Bachmair Mattia^0^0^1685,Antonio Marco Magliabechi^1633^1714^0,1
gap2270,skp003623,Auracher Tobia Osvaldo^0^0^1686,Antonio Marco Magliabechi^1633^1714^0,1
gap2273,skp003623,Arnaud fratelli^0^0^1686,Antonio Marco Magliabechi^1633^1714^0,1
gap2275,skp003623,Borde Pietro^0^0^1686,Antonio Marco Magliabechi^1633^1714^0,1
gap2278,skp003623,La Nou Giovanni^0^0^1658,Antonio Marco Magliabechi^1633^1714^0,1
gap2282,skp003623,Jean Possuel^0^0^1685,Antonio Marco Magliabechi^1633^1714^0,1
gap2283,skp003623,Claude Rigaud^0^0^1685,Antonio Marco Magliabechi^1633^1714^0,1
gap2284,skp003623,Francesco di Paolo Baldelli^0^0^1690,Antonio Marco Magliabechi^1633^1714^0,1
skp003733,skp003623,Antonius de Macedo^1612^1693^0,Antonio Marco Magliabechi^1633^1714^0,1
skp007381,skp003623,Charles Patin^1633^1693^0,Antonio Marco Magliabechi^1633^1714^0,1
skp008550,skp003623,Conrad Samuel Schurtzfleisch^0^0^1683,Antonio Marco Magliabechi^1633^1714^0,1
skp008563,skp003623,Conradus Janningus^1650^1723^0,Antonio Marco Magliabechi^1633^1714^0,1
skp009845,skp003623,Daniel van Papenbroeck^1628^1714^0,Antonio Marco Magliabechi^1633^1714^0,1
skp011706,skp003623,Emanuel a Schelstrate^1645^1692^0,Antonio Marco Magliabechi^1633^1714^0,1
skp012261,skp003623,Ezechiel Spanheim^1629^1710^0,Antonio Marco Magliabechi^1633^1714^0,1
skp013342,skp003623,Francesco Maria de Medici^1660^1711^0,Antonio Marco Magliabechi^1633^1714^0,1
skp014308,skp003623,Friedrich Benedikt Carpzov^1649^1699^0,Antonio Marco Magliabechi^1633^1714^0,1
skp016830,skp003623,Gijsbert Cuper^1644^1716^0,Antonio Marco Magliabechi^1633^1714^0,1
skp016870,skp003623,Gilles Ménage^1613^1692^0,Antonio Marco Magliabechi^1633^1714^0,1
skp016959,skp003623,Giovanni Cinelli Calvolli^1625^1706^0,Antonio Marco Magliabechi^1633^1714^0,1
skp017089,skp003623,Giulio Negri^0^0^1700,Antonio Marco Magliabechi^1633^1714^0,1
skp017150,skp003623,Giuseppe Valletta^1636^1714^0,Antonio Marco Magliabechi^1633^1714^0,1
skp017330,skp003623,Gottfried Wilhelm Leibniz^1646^1716^0,Antonio Marco Magliabechi^1633^1714^0,1
skp017500,skp003623,Gregorio Barbarigo^1625^1697^0,Antonio Marco Magliabechi^1633^1714^0,1
skp017502,skp003623,Gregorio Leti^1630^1701^0,Antonio Marco Magliabechi^1633^1714^0,1
skp018807,skp003623,Heinrich Meibom^1655^1700^0,Antonio Marco Magliabechi^1633^1714^0,1
skp020002,skp003623,Hiob Ludolf^1624^1704^0,Antonio Marco Magliabechi^1633^1714^0,1
skp020060,skp003623,Holger Jacobaeus^1650^1701^0,Antonio Marco Magliabechi^1633^1714^0,1
skp024024,skp003623,Jacobus Gronovius^1645^1716^0,Antonio Marco Magliabechi^1633^1714^0,1
skp024160,skp003623,Jacobus Tollius^1633^1696^0,Antonio Marco Magliabechi^1633^1714^0,1
skp025678,skp003623,Jean Mabillon^1632^1707^0,Antonio Marco Magliabechi^1633^1714^0,1
skp026524,skp003623,Joannes Petrus d'Apples^1656^1733^0,Antonio Marco Magliabechi^1633^1714^0,1
skp027249,skp003623,Johan de Witt^1662^1701^0,Antonio Marco Magliabechi^1633^1714^0,1
skp027356,skp003623,Johann Albert Fabricius^1668^1736^0,Antonio Marco Magliabechi^1633^1714^0,1
skp027530,skp003623,Johann Christoph Wagenseil^1633^1705^0,Antonio Marco Magliabechi^1633^1714^0,1
skp028586,skp003623,Johannes Georgius Graevius^1632^1703^0,Antonio Marco Magliabechi^1633^1714^0,1
skp031486,skp003623,Laurentius Theodorus Gronovius^1648^1724^0,Antonio Marco Magliabechi^1633^1714^0,1
skp032222,skp003623,Louis Thomassin de Mazaugues^1647^1712^0,Antonio Marco Magliabechi^1633^1714^0,1
skp032392,skp003623,Lucas Schroeck^1646^1730^0,Antonio Marco Magliabechi^1633^1714^0,1
skp033462,skp003623,Marcello Malpighi^1628^1694^0,Antonio Marco Magliabechi^1633^1714^0,1
skp036686,skp003623,Prospero Mandosio^1650^1709^0,Antonio Marco Magliabechi^1633^1714^0,1
skp037274,skp003623,Paolo Boccone^1633^1704^0,Antonio Marco Magliabechi^1633^1714^0,1
skp039570,skp003623,Raphael Fabretti^1618^1700^0,Antonio Marco Magliabechi^1633^1714^0,1
skp044141,skp003623,Wilhelm Ernst Tentzel^1659^1707^0,Antonio Marco Magliabechi^1633^1714^0,1
skp016830,skp004964,Gijsbert Cuper^1644^1716^0,Bengt Gabrielsson Oxenstierna^1623^1702^0,1
skp016830,skp007381,Gijsbert Cuper^1644^1716^0,Charles Patin^1633^1693^0,1
skp007646,skp016830,Christiaan Constantijn Rumpff^1628^1706^0,Gijsbert Cuper^1644^1716^0,1
skp007667,skp016830,Christiaan Huygens^1629^1695^0,Gijsbert Cuper^1644^1716^0,1
skp007667,skp017330,Christiaan Huygens^1629^1695^0,Gottfried Wilhelm Leibniz^1646^1716^0,1
skp038400,skp007667,Pierre Bayle^1647^1706^0,Christiaan Huygens^1629^1695^0,1
skp008006,skp042320,Christoffel van Campen^0^1696^0,Theodorus Janssonius van Almeloveen^1657^1712^0,1
skp008293,skp024112,Claude Nicaise^1623^1701^0,Jacobus Perizonius^1651^1715^0,1
skp008378,skp016830,Coenraad Calckberner^0^1694^0,Gijsbert Cuper^1644^1716^0,1
skp008645,skp037757,Corn van Schagen^0^0^1706,Petrus Burman^1668^1741^0,1
skp028586,skp009101,Johannes Georgius Graevius^1632^1703^0,Cornelius van Eck^1662^1732^0,1
skp042320,skp009108,Theodorus Janssonius van Almeloveen^1657^1712^0,Cornelius à Beughem^1678^1710^0,1
skp042320,skp009705,Theodorus Janssonius van Almeloveen^1657^1712^0,Frederik Daniel Bongart^1663^1705^0,1
skp042320,skp009745,Theodorus Janssonius van Almeloveen^1657^1712^0,Daniel Georg Morhof^1639^1691^0,1
skp010001,skp016830,David Martin^1639^1721^0,Gijsbert Cuper^1644^1716^0,1
skp016830,skp011835,Gijsbert Cuper^1644^1716^0,Enrico Noris^1631^1704^0,1
skp016830,skp012261,Gijsbert Cuper^1644^1716^0,Ezechiel Spanheim^1629^1710^0,1
skp012261,skp028586,Ezechiel Spanheim^1629^1710^0,Johannes Georgius Graevius^1632^1703^0,1
skp028586,skp014007,Johannes Georgius Graevius^1632^1703^0,Fred.Wilh. de Grumbkow^0^0^1691,1
skp016830,skp014491,Gijsbert Cuper^1644^1716^0,Friedrich Spanheim^1632^1701^0,1
skp020002,skp014608,Hiob Ludolf^1624^1704^0,Friedrich von Sachsen-Gotha-Altenburg I^0^0^1675,1
skp016830,skp016423,Gijsbert Cuper^1644^1716^0,Gerard Noodt^1647^1725^0,1
skp042320,skp016558,Theodorus Janssonius van Almeloveen^1657^1712^0,Gerardus de Vries^1648^1705^0,1
skp016830,skp016613,Gijsbert Cuper^1644^1716^0,Gerhardus Jordens^1669^1764^0,1
skp016830,skp011045,Gijsbert Cuper^1644^1716^0,Étienne Morin^1624^1700^0,1
skp016858,skp016830,Gilbert Burnet^1643^1715^0,Gijsbert Cuper^1644^1716^0,1
skp019305,skp016830,Henri Philipponneau de Hautecourt^1646^1715^0,Gijsbert Cuper^1644^1716^0,1
skp016830,skp019383,Gijsbert Cuper^1644^1716^0,Henricus Copes^1648^1708^0,1
skp019564,skp016830,Henry Basnage de Beauval^1656^1710^0,Gijsbert Cuper^1644^1716^0,1
skp016830,skp019808,Gijsbert Cuper^1644^1716^0,Hermannus Witsius^1636^1708^0,1
skp016830,skp019955,Gijsbert Cuper^1644^1716^0,Hieronymus Guilielmus Snabelius^1656^1702^0,1
skp016830,skp020255,Gijsbert Cuper^1644^1716^0,Hugo Kroll^0^0^1689,1
skp024160,skp016830,Jacobus Tollius^1633^1696^0,Gijsbert Cuper^1644^1716^0,1
skp016830,skp024271,Gijsbert Cuper^1644^1716^0,Jacques Basnage de Beauval^1653^1723^0,1
skp016830,skp025637,Gijsbert Cuper^1644^1716^0,Jean Le Clerc^1657^1736^0,1
skp016830,skp026639,Gijsbert Cuper^1644^1716^0,Jobus Ludolphus^1624^1704^0,1
skp028422,skp016830,Johannes Braun^1628^1708^0,Gijsbert Cuper^1644^1716^0,1
skp016830,skp028586,Gijsbert Cuper^1644^1716^0,Johannes Georgius Graevius^1632^1703^0,1
skp016830,skp028885,Gijsbert Cuper^1644^1716^0,Johannes Ortwinus Westenberg^1667^1737^0,1
skp016830,skp028993,Gijsbert Cuper^1644^1716^0,Johannes Smetius J.F.^1636^1704^0,1
skp032209,skp016830,Louis Saumaise^0^0^1688,Gijsbert Cuper^1644^1716^0,1
skp016830,skp032407,Gijsbert Cuper^1644^1716^0,Lucas van de Poll^1630^1713^0,1
skp035965,skp016830,Nicolaes Cornelisz. Witsen^1641^1717^0,Gijsbert Cuper^1644^1716^0,1
skp016830,skp035981,Gijsbert Cuper^1644^1716^0,Nicolas Boni^0^0^1699,1
skp016830,skp036203,Gijsbert Cuper^1644^1716^0,Nils Gyldenstolpe^1648^1709^0,1
skp037459,skp016830,Paulus Bauldry^1639^1706^0,Gijsbert Cuper^1644^1716^0,1
skp037816,skp016830,Petrus Francius^1645^1704^0,Gijsbert Cuper^1644^1716^0,1
skp038400,skp016830,Pierre Bayle^1647^1706^0,Gijsbert Cuper^1644^1716^0,1
skp016830,skp038533,Gijsbert Cuper^1644^1716^0,Pierre Jurieu^1637^1713^0,1
skp038798,skp016830,Pieter Keuchenius^1654^1691^0,Gijsbert Cuper^1644^1716^0,1
skp016830,skp039570,Gijsbert Cuper^1644^1716^0,Raphael Fabretti^1618^1700^0,1
skp016830,skp039717,Gijsbert Cuper^1644^1716^0,Reinier Leers^1654^1714^0,1
skp040839,skp016830,Samuel Pitiscus^1637^1727^0,Gijsbert Cuper^1644^1716^0,1
skp042320,skp016830,Theodorus Janssonius van Almeloveen^1657^1712^0,Gijsbert Cuper^1644^1716^0,1
skp016830,skp044420,Gijsbert Cuper^1644^1716^0,Willem Coetier^1647^1723^0,1
skp016857,skp025637,Gilbert Burman^0^0^1700,Jean Le Clerc^1657^1736^0,1
skp028586,skp016858,Johannes Georgius Graevius^1632^1703^0,Gilbert Burnet^1643^1715^0,1
skp027062,skp016870,Johan Hendrik Wetstein^0^0^1688,Gilles Ménage^1613^1692^0,1
skp038400,skp016870,Pierre Bayle^1647^1706^0,Gilles Ménage^1613^1692^0,1
skp042320,skp017278,Theodorus Janssonius van Almeloveen^1657^1712^0,Gothofredus Thomasius^1660^1746^0,1
skp042320,skp018186,Theodorus Janssonius van Almeloveen^1657^1712^0,Hendrik van Sypesteyn^1661^1742^0,1
skp042320,skp019377,Theodorus Janssonius van Almeloveen^1657^1712^0,Henricus Christianus de Hennin^1658^1703^0,1
skp028586,skp019383,Johannes Georgius Graevius^1632^1703^0,Henricus Copes^1648^1708^0,1
skp028586,skp021655,Johannes Georgius Graevius^1632^1703^0,Joannes Vollenhove^1631^1708^0,1
skp037816,skp021655,Petrus Francius^1645^1704^0,Joannes Vollenhove^1631^1708^0,1
skp042320,skp024014,Theodorus Janssonius van Almeloveen^1657^1712^0,Jacobus Gallaeus^1630^1709^0,1
skp024024,skp021655,Jacobus Gronovius^1645^1716^0,Joannes Vollenhove^1631^1708^0,1
skp024112,skp027264,Jacobus Perizonius^1651^1715^0,Johan van Broekhuizen^1649^1707^0,1
skp028586,skp024112,Johannes Georgius Graevius^1632^1703^0,Jacobus Perizonius^1651^1715^0,1
skp024112,skp042320,Jacobus Perizonius^1651^1715^0,Theodorus Janssonius van Almeloveen^1657^1712^0,1
skp042320,skp024128,Theodorus Janssonius van Almeloveen^1657^1712^0,Jacobus Rhenferd^1654^1712^0,1
skp042320,skp024160,Theodorus Janssonius van Almeloveen^1657^1712^0,Jacobus Tollius^1633^1696^0,1
skp042320,skp024166,Theodorus Janssonius van Almeloveen^1657^1712^0,Jacobus Vallan^1637^1720^0,1
skp025766,skp025637,Jean Robert Chouet^1642^1731^0,Jean Le Clerc^1657^1736^0,1
skp025637,skp028586,Jean Le Clerc^1657^1736^0,Johannes Georgius Graevius^1632^1703^0,1
skp025637,skp038292,Jean Le Clerc^1657^1736^0,Philippus van Limborch^1633^1712^0,1
skp038400,skp025637,Pierre Bayle^1647^1706^0,Jean Le Clerc^1657^1736^0,1
skp038400,skp025771,Pierre Bayle^1647^1706^0,Jean Rou^1638^1711^0,1
skp042320,skp026152,Theodorus Janssonius van Almeloveen^1657^1712^0,Joachim Feller^1628^1691^0,1
skp026524,skp027093,Joannes Petrus d'Apples^1656^1733^0,Johan Jacob Wepfer^1620^1695^0,1
skp028586,skp027264,Johannes Georgius Graevius^1632^1703^0,Johan van Broekhuizen^1649^1707^0,1
skp027264,skp042320,Johan van Broekhuizen^1649^1707^0,Theodorus Janssonius van Almeloveen^1657^1712^0,1
skp042320,skp027960,Theodorus Janssonius van Almeloveen^1657^1712^0,Johann Jacob Harder^1656^1711^0,1
skp035965,skp028586,Nicolaes Cornelisz. Witsen^1641^1717^0,Johannes Georgius Graevius^1632^1703^0,1
skp037757,skp028586,Petrus Burman^1668^1741^0,Johannes Georgius Graevius^1632^1703^0,1
skp028586,skp038729,Johannes Georgius Graevius^1632^1703^0,Pieter Deinoot^1659^1734^0,1
skp028586,skp042320,Johannes Georgius Graevius^1632^1703^0,Theodorus Janssonius van Almeloveen^1657^1712^0,1
skp028639,skp042320,Johannes Harduin^1646^1729^0,Theodorus Janssonius van Almeloveen^1657^1712^0,1
skp028673,skp037757,Johannes Henricus Svicerus^0^0^1697,Petrus Burman^1668^1741^0,1
skp028807,skp042320,Johannes Lomeier^1636^1699^0,Theodorus Janssonius van Almeloveen^1657^1712^0,1
skp042320,skp028934,Theodorus Janssonius van Almeloveen^1657^1712^0,Johannes Reiske^1641^1701^0,1
skp028993,skp042320,Johannes Smetius J.F.^1636^1704^0,Theodorus Janssonius van Almeloveen^1657^1712^0,1
skp042320,skp029048,Theodorus Janssonius van Almeloveen^1657^1712^0,Johannes Verwey^1648^1692^0,1
skp037415,skp037757,Paul Steenwinckel^0^0^1694,Petrus Burman^1668^1741^0,1
skp042320,skp037459,Theodorus Janssonius van Almeloveen^1657^1712^0,Paulus Bauldry^1639^1706^0,1
skp037816,skp038427,Petrus Francius^1645^1704^0,Pierre Daniel Huet^1630^1721^0,1
skp037816,skp041385,Petrus Francius^1645^1704^0,Simon van Limborch^1647^1722^0,1
skp034833,skp038400,Vincente Minutoli^1640^1710^0,Pierre Bayle^1647^1706^0,1
skp038400,skp042320,Pierre Bayle^1647^1706^0,Theodorus Janssonius van Almeloveen^1657^1712^0,1
skp042320,skp040839,Theodorus Janssonius van Almeloveen^1657^1712^0,Samuel Pitiscus^1637^1727^0,1
skp042320,skp042071,Theodorus Janssonius van Almeloveen^1657^1712^0,Taco Hajo van den Honert^1666^1740^0,1
skp042320,skp042734,Theodorus Janssonius van Almeloveen^1657^1712^0,Tobias Coorne^1659^1704^0,1
skp042320,skp044585,Theodorus Janssonius van Almeloveen^1657^1712^0,Willem Reynders^0^0^1699,1
skp042320,skp044647,Theodorus Janssonius van Almeloveen^1657^1712^0,Willem de Mey^1658^1709^0,1
skp044701,skp042320,Willem van Loon^1662^1727^0,Theodorus Janssonius van Almeloveen^1657^1712^0,1
gap2046,skp003623,Susini Pietro^0^0^1664,Antonio Marco Magliabechi^1633^1714^0,1
gap2033,skp003623,Strozzi Filippo Vincenzo^0^0^1695,Antonio Marco Magliabechi^1633^1714^0,1
gap2135,skp003623,Van Braam Jean^0^0^1705,Antonio Marco Magliabechi^1633^1714^0,1
skp009301,skp042320,D. Assophius^0^0^0,Theodorus Janssonius van Almeloveen^1657^1712^0,1
skp053537,skp042320,Boddeus^0^1696^0,Theodorus Janssonius van Almeloveen^1657^1712^0,1
skp014770,skp042320,G. Cant^0^0^0,Theodorus Janssonius van Almeloveen^1657^1712^0,1
skp011928,skp042320,Ernestus Wilhelmus Westenberg^0^1712^0,Theodorus Janssonius van Almeloveen^1657^1712^0,1
skp045219,skp042320,_Unidentified_002196^0^0^1697,Theodorus Janssonius van Almeloveen^1657^1712^0,1
skp019725,skp027520,Hermann Conring^1606^1681^0,Johann Christoph Herold^0^0^1680,1
skp024271,skp025637,Jacques Basnage de Beauval^1653^1723^0,Jean Le Clerc^1657^1736^0,1
skp015901,skp045594,Georg Arnold Burger^0^0^1680,_Unidentified_006467^0^0^1680,1
skp012261,skp039717,Ezechiel Spanheim^1629^1710^0,Reinier Leers^1654^1714^0,1
skp024112,skp004590,Jacobus Perizonius^1651^1715^0,Bald. van Offenberg^0^0^1692,1
skp016830,skp013494,Gijsbert Cuper^1644^1716^0,Franciscus Strijcker^0^0^1692,1
skp026678,skp016830,Joh. Bapt. Bussi^0^0^1680,Gijsbert Cuper^1644^1716^0,1
skp002644,skp016830,Aloys Andruccius^0^0^1683,Gijsbert Cuper^1644^1716^0,1
skp005714,skp016830,C. Ancillon^0^0^1683,Gijsbert Cuper^1644^1716^0,1
skp034167,skp016830,Mathurin Veyssière de La Croze^1661^1739^0,Gijsbert Cuper^1644^1716^0,1
skp002925,skp016830,Andringa^0^0^1683,Gijsbert Cuper^1644^1716^0,1
skp016830,skp003913,Gijsbert Cuper^1644^1716^0,Arnold Moonen^1644^1711^0,1
skp016830,skp008902,Gijsbert Cuper^1644^1716^0,Cornelis Teresteyn van Halewijn^1641^1701^0,1
skp016830,skp021655,Gijsbert Cuper^1644^1716^0,Joannes Vollenhove^1631^1708^0,1
skp016830,skp044429,Gijsbert Cuper^1644^1716^0,Willem Cuper^0^0^1688,1
skp042395,skp016830,Theophile Arbussi^0^1681^0,Gijsbert Cuper^1644^1716^0,1
skp012261,skp014491,Ezechiel Spanheim^1629^1710^0,Friedrich Spanheim^1632^1701^0,1
skp001862,skp024024,Adriaan Beverland^1650^1716^0,Jacobus Gronovius^1645^1716^0,1
skp001862,skp031486,Adriaan Beverland^1650^1716^0,Laurentius Theodorus Gronovius^1648^1724^0,1
skp001862,skp038400,Adriaan Beverland^1650^1716^0,Pierre Bayle^1647^1706^0,1
skp016830,skp035838,Gijsbert Cuper^1644^1716^0,Nicolaas Cuper^0^0^1699,1
skp016830,skp000026,Gijsbert Cuper^1644^1716^0,"""Eerweerde seer geleerde heer""; kennelijk een predikant^0^0^1700",1
skp016830,skp046662,Gijsbert Cuper^1644^1716^0,_Unidentified_024533^0^0^1695,1
skp020583,skp029972,Isaac Vossius^1618^1689^0,Justre^0^0^1687,1
skp016830,skp046665,Gijsbert Cuper^1644^1716^0,_Unidentified_024551^0^0^1687,1
skp016830,skp046666,Gijsbert Cuper^1644^1716^0,_Unidentified_024553^0^0^1688,1
skp011706,skp025465,Emanuel a Schelstrate^1645^1692^0,Jean Ferdinand de Beughem^1630^1699^0,1
skp011706,skp000014,Emanuel a Schelstrate^1645^1692^0,"""Consultissime domine""^0^0^1676",1
skp011706,skp009056,Emanuel a Schelstrate^1645^1692^0,Cornelius Hasaert^1617^1690^0,1
skp017330,skp011706,Gottfried Wilhelm Leibniz^1646^1716^0,Emanuel a Schelstrate^1645^1692^0,1
skp011706,skp038400,Emanuel a Schelstrate^1645^1692^0,Pierre Bayle^1647^1706^0,1
skp016830,skp046698,Gijsbert Cuper^1644^1716^0,_Unidentified_025539^0^0^1684,1
skp016830,skp046710,Gijsbert Cuper^1644^1716^0,_Unidentified_025709^0^0^1685,1
skp006733,skp016830,Carola Catharina Patina^0^0^1689,Gijsbert Cuper^1644^1716^0,1
skp016830,skp046716,Gijsbert Cuper^1644^1716^0,_Unidentified_025737^0^0^1688,1
skp044603,skp046739,Willem Surenhuisen^1666^1729^0,_Unidentified_026775^0^0^1714,1
skp019539,skp037968,Henrik Brenkman^1681^1736^0,Petrus de Salis^0^0^1749,1
skp032650,skp005529,Luyt^0^0^1721,Bruno van der Dussen^1660^1741^0,1
skp019219,skp031486,Henr. van Wullen^0^0^1695,Laurentius Theodorus Gronovius^1648^1724^0,1
skp038400,skp009930,Pierre Bayle^1647^1706^0,David Ancillon^1617^1692^0,1
skp003775,skp020583,Archibaldus Casselleus^0^0^1643,Isaac Vossius^1618^1689^0,1
skp002809,skp001862,Andreas Arnoldus^1646^1694^0,Adriaan Beverland^1650^1716^0,1
skp006851,skp021655,Caspar Brandt^1653^1696^0,Joannes Vollenhove^1631^1708^0,1
skp040117,skp020583,Rodolphus Cicestrensis^0^0^1650,Isaac Vossius^1618^1689^0,1
skp007469,skp020583,Charles de Marguetel de Saint-Dénis^0^0^1650,Isaac Vossius^1618^1689^0,1
skp006517,skp025637,Capell^0^0^1696,Jean Le Clerc^1657^1736^0,1
skp016173,skp025637,George Carew^0^0^1696,Jean Le Clerc^1657^1736^0,1
skp025637,skp042117,Jean Le Clerc^1657^1736^0,Th. Alfony^0^0^1696,1
skp025637,skp034562,Jean Le Clerc^1657^1736^0,Messieurs les auteurs duJournal des Savans^0^0^1696,1
skp025637,skp031587,Jean Le Clerc^1657^1736^0,Leeraren en opzieners van den Kerkeraad te Amsterdam^0^0^1696,1
skp025637,skp024112,Jean Le Clerc^1657^1736^0,Jacobus Perizonius^1651^1715^0,1
skp025637,skp005563,Jean Le Clerc^1657^1736^0,Burchardus de Volder^1643^1709^0,1
skp025637,skp047594,Jean Le Clerc^1657^1736^0,_Unidentified_051201^0^0^1696,1
skp019471,skp020583,Henricus Smith^0^0^1657,Isaac Vossius^1618^1689^0,1
skp044603,skp019360,Willem Surenhuisen^1666^1729^0,Henricus Arntzenius^1665^1728^0,1
skp028520,skp025637,Johannes Drieberge^0^0^1696,Jean Le Clerc^1657^1736^0,1
skp011517,skp025637,Eleutheropolitanus^0^0^1696,Jean Le Clerc^1657^1736^0,1
skp006507,skp025637,Campegius Vitringa^1659^1722^0,Jean Le Clerc^1657^1736^0,1
skp020583,skp005404,Isaac Vossius^1618^1689^0,Bouchardus^0^0^1650,1
skp020583,skp005552,Isaac Vossius^1618^1689^0,Buhaldus^0^0^1650,1
skp020583,skp005642,Isaac Vossius^1618^1689^0,Burghius^0^0^1650,1
skp020583,skp038019,Isaac Vossius^1618^1689^0,Ph. Odyck^0^0^1650,1
skp020583,skp021968,Isaac Vossius^1618^1689^0,Johan van Reigersberg^0^0^1611,1
skp020583,skp026679,Isaac Vossius^1618^1689^0,Joh. Bapt. van Steenberghen^0^0^1650,1
skp020583,skp033370,Isaac Vossius^1618^1689^0,Mamelus Diazius Sueyrus^0^0^1650,1
skp020583,skp052037,Isaac Vossius^1618^1689^0,den Ambassadeur^0^0^1650,1
skp020583,skp047787,Isaac Vossius^1618^1689^0,_Unidentified_056507^0^0^1650,1
skp020583,skp047788,Isaac Vossius^1618^1689^0,_Unidentified_056511^0^0^1650,1
skp038400,skp047821,Pierre Bayle^1647^1706^0,_Unidentified_057079^0^0^1704,1
skp036853,skp038400,P. de La Roque^0^0^0,Pierre Bayle^1647^1706^0,1
skp053542,skp025637,Cornelis de Witt^0^1731^0,Jean Le Clerc^1657^1736^0,1
skp015922,skp014122,Georg Caspar Kirchmayer^0^0^1684,Frederik Ruysch^1638^1731^0,1
skp025298,skp025637,Jean Baptiste Ladvocat^0^0^1696,Jean Le Clerc^1657^1736^0,1
skp031350,skp020583,Gul. Lamonius^0^0^1666,Isaac Vossius^1618^1689^0,1
skp013583,skp025637,Franqois Lamy Dom^0^0^1696,Jean Le Clerc^1657^1736^0,1
skp012396,skp025637,F. Maselef^0^0^1696,Jean Le Clerc^1657^1736^0,1
skp035864,skp048452,Nicolaas Heinsius^1620^1681^0,_Unidentified_070069^0^0^0,1
skp035864,skp048453,Nicolaas Heinsius^1620^1681^0,_Unidentified_070115^0^0^0,1
skp035864,skp048454,Nicolaas Heinsius^1620^1681^0,_Unidentified_070117^0^0^0,1
skp035864,skp048455,Nicolaas Heinsius^1620^1681^0,_Unidentified_070121^0^0^0,1
skp035864,skp048456,Nicolaas Heinsius^1620^1681^0,_Unidentified_070125^0^0^0,1
skp035864,skp048457,Nicolaas Heinsius^1620^1681^0,_Unidentified_070127^0^0^0,1
skp035864,skp048458,Nicolaas Heinsius^1620^1681^0,_Unidentified_070131^0^0^0,1
skp035864,skp048459,Nicolaas Heinsius^1620^1681^0,_Unidentified_070135^0^0^0,1
skp035864,skp048462,Nicolaas Heinsius^1620^1681^0,_Unidentified_070141^0^0^0,1
skp035864,skp048463,Nicolaas Heinsius^1620^1681^0,_Unidentified_070143^0^0^0,1
skp035864,skp048464,Nicolaas Heinsius^1620^1681^0,_Unidentified_070145^0^0^0,1
skp035864,skp048465,Nicolaas Heinsius^1620^1681^0,_Unidentified_070147^0^0^0,1
skp035864,skp048466,Nicolaas Heinsius^1620^1681^0,_Unidentified_070149^0^0^0,1
skp035864,skp048467,Nicolaas Heinsius^1620^1681^0,_Unidentified_070151^0^0^0,1
skp035864,skp048468,Nicolaas Heinsius^1620^1681^0,_Unidentified_070153^0^0^0,1
skp035864,skp048470,Nicolaas Heinsius^1620^1681^0,_Unidentified_070157^0^0^0,1
skp007667,skp025637,Christiaan Huygens^1629^1695^0,Jean Le Clerc^1657^1736^0,1
skp028586,skp013850,Johannes Georgius Graevius^1632^1703^0,François Halma^1653^1722^0,1
skp028639,skp025230,Johannes Harduin^1646^1729^0,Jean Antoine Huguetan^1647^0^0,1
skp002527,skp038400,Alexandre Laisne de Montaumont^0^0^0,Pierre Bayle^1647^1706^0,1
skp012062,skp049141,Etienne Le Moine^1624^1689^0,_Unidentified_082851^0^0^0,1
skp032437,skp038500,Ludolph Smids^1649^1720^0,Pierre Huguetan^0^0^1689,1
skp012261,skp049285,Ezechiel Spanheim^1629^1710^0,_Unidentified_085651^0^0^0,1
skp032434,skp035864,Lud. Nonnius^0^0^0,Nicolaas Heinsius^1620^1681^0,1
skp035971,skp035864,Nicolai Crassus^0^0^1650,Nicolaas Heinsius^1620^1681^0,1
skp037934,skp035864,Petrus Touzardus de La Lande^0^0^0,Nicolaas Heinsius^1620^1681^0,1
skp037923,skp035864,Petrus Servius^0^1648^0,Nicolaas Heinsius^1620^1681^0,1
skp006721,skp035864,Carlodi Tommaso Strozzi^0^0^1696,Nicolaas Heinsius^1620^1681^0,1
skp001751,skp035864,Adamus Lucianus a Rotenhano^0^0^0,Nicolaas Heinsius^1620^1681^0,1
skp053529,skp020583,Fabian von Dohna^0^0^1659,Isaac Vossius^1618^1689^0,1
skp012120,skp020583,Euremond^0^0^0,Isaac Vossius^1618^1689^0,1
skp053544,skp020583,Joachim Hopperus^0^0^1638,Isaac Vossius^1618^1689^0,1
skp019576,skp049946,Henry Dodwell^1641^1711^0,_Unidentified_096741^0^0^0,1
skp009676,skp020583,Dan. Marcus^0^0^0,Isaac Vossius^1618^1689^0,1
skp037594,skp020583,Perault^0^0^0,Isaac Vossius^1618^1689^0,1
skp026577,skp026465,Joannes Wilhelmus van Meel^1673^0^0,Joannes Kool^1672^1712^0,1
skp026577,skp027439,Joannes Wilhelmus van Meel^1673^0^0,Johann Burkhard Mencke^1674^1732^0,1
skp042320,skp050117,Theodorus Janssonius van Almeloveen^1657^1712^0,_Unidentified_100899^0^0^1684,1
skp042320,skp009222,Theodorus Janssonius van Almeloveen^1657^1712^0,Curatores Acad. Harderov.Harderwijk^0^0^1684,1
skp013528,skp026465,Francois Bauters^1672^1741^0,Joannes Kool^1672^1712^0,1
skp042320,skp027257,Theodorus Janssonius van Almeloveen^1657^1712^0,Johan van Arnhem^1636^1716^0,1
skp024024,skp034142,Jacobus Gronovius^1645^1716^0,Math. Wormius^0^0^0,1
skp035864,skp042242,Nicolaas Heinsius^1620^1681^0,Theod. van Bleiswijck^0^0^1681,1
skp035864,skp050306,Nicolaas Heinsius^1620^1681^0,_Unidentified_104361^0^0^0,1
skp035864,skp044086,Nicolaas Heinsius^1620^1681^0,Wijnand Rutgertius^0^0^1652,1
skp035864,skp015473,Nicolaas Heinsius^1620^1681^0,Antonio Giovanni Vincenzo Salviati^0^0^0,1
skp035864,skp050424,Nicolaas Heinsius^1620^1681^0,_Unidentified_108179^0^0^1659,1
skp001333,skp011724,Abbé Ménard^0^0^1675,Emery Bigot^1626^1689^0,1
skp012370,skp025402,F. Jacob^0^0^0,Jean Chapelain^1595^1674^0,1
skp002397,skp035864,Alex Toussaint Limogin de Saint-Didier^0^0^0,Nicolaas Heinsius^1620^1681^0,1
skp023305,skp024112,J.S. Assemannus^0^0^1752,Jacobus Perizonius^1651^1715^0,1
skp042949,skp032939,Valentin Conrart^1603^1675^0,M. du Moulin^0^0^0,1
skp003226,skp024160,Anselmus à Benthem^0^0^1685,Jacobus Tollius^1633^1696^0,1
skp032432,skp009101,Ludolf Küster^1670^1716^0,Cornelius van Eck^1662^1732^0,1
skp028586,skp026615,Johannes Georgius Graevius^1632^1703^0,Joannis^0^0^1650,1
skp028586,skp014308,Johannes Georgius Graevius^1632^1703^0,Friedrich Benedikt Carpzov^1649^1699^0,1
skp028586,skp004878,Johannes Georgius Graevius^1632^1703^0,Bauldrius^0^0^1650,1
skp028586,skp009121,Johannes Georgius Graevius^1632^1703^0,Cosimo III de Medici^1642^1723^0,1
skp028586,skp016337,Johannes Georgius Graevius^1632^1703^0,Georgius Maukenseus^0^0^1650,1
skp028586,skp016318,Johannes Georgius Graevius^1632^1703^0,Georgius Gotofredus Fuchs^0^0^1650,1
skp028586,skp042871,Johannes Georgius Graevius^1632^1703^0,Ulricus Huber^1636^1694^0,1
skp025402,skp050513,Jean Chapelain^1595^1674^0,_Unidentified_112729^0^0^1650,1
skp025637,skp000156,Jean Le Clerc^1657^1736^0,"""mon tres cher frere""^0^0^1700",1
skp025637,skp037552,Jean Le Clerc^1657^1736^0,Pawlet^0^0^1700,1
skp025637,skp050525,Jean Le Clerc^1657^1736^0,_Unidentified_112945^0^0^1700,1
skp017330,skp030790,Gottfried Wilhelm Leibniz^1646^1716^0,L. Bourguet^0^0^1712,1
skp026485,skp032381,Joannes Maire^0^0^0,Lucas Holstein^1596^1661^0,1
skp013043,skp035864,Fiaminghi^0^0^0,Nicolaas Heinsius^1620^1681^0,1
skp050577,skp035864,_Unidentified_114052^0^0^0,Nicolaas Heinsius^1620^1681^0,1
skp033294,skp042949,Madelaine Scudery^0^0^1688,Valentin Conrart^1603^1675^0,1
skp037198,skp024024,P.R. Vitrarius^0^0^0,Jacobus Gronovius^1645^1716^0,1
skp006777,skp024024,Carolus Ferrari^0^0^0,Jacobus Gronovius^1645^1716^0,1
skp006773,skp024024,Carolus Crucius^0^0^1710,Jacobus Gronovius^1645^1716^0,1
skp020583,skp000143,Isaac Vossius^1618^1689^0,"""Zijne Excellentie""^0^0^1650",1
skp021807,skp037757,J. de Saint Gervais^0^0^0,Petrus Burman^1668^1741^0,1
skp042544,skp037757,Thomas Manningham^0^0^0,Petrus Burman^1668^1741^0,1
skp005091,skp043307,Bernard de Montfaucon^1655^1741^0,Vincent Thuiller^0^0^0,1
skp039392,skp037757,R. de la Preille^0^0^0,Petrus Burman^1668^1741^0,1
skp017625,skp037757,Guil. Stratford^0^0^0,Petrus Burman^1668^1741^0,1
skp008025,skp037757,Christoph Cellarius^1638^1707^0,Petrus Burman^1668^1741^0,1
skp007937,skp037757,Christianus Fridericus Scheurer^0^0^0,Petrus Burman^1668^1741^0,1
skp024024,skp037757,Jacobus Gronovius^1645^1716^0,Petrus Burman^1668^1741^0,1
skp053515,skp037757,Willem Cornelis Ackersdijk^0^0^1688,Petrus Burman^1668^1741^0,1
skp015089,skp037757,G. d Arnaud^0^0^0,Petrus Burman^1668^1741^0,1
skp017708,skp037757,Guillelmus Best^0^0^1720,Petrus Burman^1668^1741^0,1
skp017615,skp037757,Guil. Blancardus^0^0^0,Petrus Burman^1668^1741^0,1
skp017857,skp037757,Herman Boerhaave^1668^1738^0,Petrus Burman^1668^1741^0,1
skp028416,skp037757,Johannes Bouwers^0^0^1705,Petrus Burman^1668^1741^0,1
skp026600,skp037757,Joannes van den Broeck^1648^1739^0,Petrus Burman^1668^1741^0,1
skp037757,skp051023,Petrus Burman^1668^1741^0,_Unidentified_122595^0^0^0,1
skp027974,skp037757,Johann Jakob Cramer^1673^1702^0,Petrus Burman^1668^1741^0,1
skp000428,skp037757,A. Huydecoper^0^0^1720,Petrus Burman^1668^1741^0,1
skp042041,skp037757,T.A. Lampen^0^0^0,Petrus Burman^1668^1741^0,1
skp022518,skp037757,J.E. ab Egmond a Nyenburgh^0^0^0,Petrus Burman^1668^1741^0,1
skp024162,skp037757,Jacobus Trigland^1652^1705^0,Petrus Burman^1668^1741^0,1
skp021658,skp037757,J. Voorda^0^0^0,Petrus Burman^1668^1741^0,1
skp042355,skp037757,Theodorus Wijnhusius^0^0^1697,Petrus Burman^1668^1741^0,1
skp035864,skp010907,Nicolaas Heinsius^1620^1681^0,Dux Braccianus^0^0^0,1
skp035864,skp031598,Nicolaas Heinsius^1620^1681^0,Legatus gallicus^0^0^0,1
skp053527,skp037757,Nicholaus Antonius Bynaeus^0^1716^0,Petrus Burman^1668^1741^0,1
skp011835,skp016959,Enrico Noris^1631^1704^0,Giovanni Cinelli Calvolli^1625^1706^0,-1
skp003755,skp016959,Apollonio Bassetti^1631^1699^0,Giovanni Cinelli Calvolli^1625^1706^0,-1
mop1526,skp004230,Moneglia Giovanni Andrea^1625^1700^0,Augustinus Coltellini^1613^1693^0,-1
skp003755,skp024024,Apollonio Bassetti^1631^1699^0,Jacobus Gronovius^1645^1716^0,-1
mop1526,skp024024,Moneglia Giovanni Andrea^1625^1700^0,Jacobus Gronovius^1645^1716^0,-1
mop1854,skp024024,Rilli Jacopo^0^0^1699,Jacobus Gronovius^1645^1716^0,-1
mop2184,mop1400,Viviani Vincenzo^1622^1703^0,Marchetti Alessandro^1633^1714^0,-1
mop0241,mop2184,Bellini Lorenzo^1643^1704^0,Viviani Vincenzo^1622^1703^0,-1
ndg7335827,skp003623,Nati Pietro^0^0^1675,Antonio Marco Magliabechi^1633^1714^0,-1
ndg7335827,skp024024,Nati Pietro^0^0^1675,Jacobus Gronovius^1645^1716^0,-1
ndg264214,skp003623,Menzini Benedetto^1646^1704^0,Antonio Marco Magliabechi^1633^1714^0,-1
ndg264214,skp003755,Menzini Benedetto^1646^1704^0,Apollonio Bassetti^1631^1699^0,-1
mop2221,ndg262904,Zanetti Nicola^0^0^1704,Capponi Ferrante^1611^1689^0,-1
mop1526,mop2221,Moneglia Giovanni Andrea^1625^1700^0,Zanetti Nicola^0^0^1704,-1
mop2221,mop1815,Zanetti Nicola^0^0^1704,Redi Francesco^1626^1697^0,-1
mop2163,skp024024,Viali Felice^0^0^1678,Jacobus Gronovius^1645^1716^0,-1
mop2009,mop1333,Sparaviero Francesco^0^0^1678,Macedo Francesco^1596^1681^0,-1
mop2026,mop0261,Steensen Nicolaus^1638^1686^0,Benvenuti Bernardo^0^0^1667,-1
mop2163,mop1526,Viali Felice^0^0^1678,Moneglia Giovanni Andrea^1625^1700^0,-1
mop0846,skp011835,Fabri Onorato^0^0^1676,Enrico Noris^1631^1704^0,-1
ndg7535534,skp003623,Ceffini Bencivenni^0^0^1675,Antonio Marco Magliabechi^1633^1714^0,-1
mop1854,skp004230,Rilli Jacopo^0^0^1699,Augustinus Coltellini^1613^1693^0,-1
mop0448,skp003755,Canale Giovanni^0^0^1683,Apollonio Bassetti^1631^1699^0,-1
mop1229,ndg262904,La Fontaine Abraham de^0^0^1676,Capponi Ferrante^1611^1689^0,-1
skp016959,mop1526,Giovanni Cinelli Calvolli^1625^1706^0,Moneglia Giovanni Andrea^1625^1700^0,-1
skp039570,skp024024,Raphael Fabretti^1618^1700^0,Jacobus Gronovius^1645^1716^0,-1
ndg878874,skp003623,Vangelisti Vincenzo^0^0^1685,Antonio Marco Magliabechi^1633^1714^0,-1
ndg878874,skp016959,Vangelisti Vincenzo^0^0^1685,Giovanni Cinelli Calvolli^1625^1706^0,-1
ndg7468069,skp011835,Lubieniecki Teodor^1653^1706^0,Enrico Noris^1631^1704^0,-1
mop0763,skp024160,Desbordes Henry^0^0^1689,Jacobus Tollius^1633^1696^0,-1
mop1803,mop1526,Ramazzini Bernardino^1633^1714^0,Moneglia Giovanni Andrea^1625^1700^0,-1
skp024024,skp011835,Jacobus Gronovius^1645^1716^0,Enrico Noris^1631^1704^0,-1
ndg264214,mop1526,Menzini Benedetto^1646^1704^0,Moneglia Giovanni Andrea^1625^1700^0,-1
ndg7335827,skp031942,Nati Pietro^0^0^1675,Lorenzo Panciatichi^1635^1676^0,1
ndg7335827,mop1815,Nati Pietro^0^0^1675,Redi Francesco^1626^1697^0,1
mop2009,skp036430,Sparaviero Francesco^0^0^1678,Ottavio Ferrari^1607^1682^0,1
mop2163,mop2221,Viali Felice^0^0^1678,Zanetti Nicola^0^0^1704,1
skp003755,skp011835,Apollonio Bassetti^1631^1699^0,Enrico Noris^1631^1704^0,1
mop1854,ndg262904,Rilli Jacopo^0^0^1699,Capponi Ferrante^1611^1689^0,1
mop1854,mop1526,Rilli Jacopo^0^0^1699,Moneglia Giovanni Andrea^1625^1700^0,1
mop0355,skp024024,Bosca Pietro Paolo^0^0^1680,Jacobus Gronovius^1645^1716^0,1
ndg878874,mop1526,Vangelisti Vincenzo^0^0^1685,Moneglia Giovanni Andrea^1625^1700^0,1
mop0255,skp003755,Benfatti Francesco^0^0^1683,Apollonio Bassetti^1631^1699^0,1
mop0255,skp011835,Benfatti Francesco^0^0^1683,Enrico Noris^1631^1704^0,1
mop1803,skp016959,Ramazzini Bernardino^1633^1714^0,Giovanni Cinelli Calvolli^1625^1706^0,1
skp011835,mop1526,Enrico Noris^1631^1704^0,Moneglia Giovanni Andrea^1625^1700^0,1
skp013301,skp003623,Francesco Baldo di Paolo Feroni^1614^1696^0,Antonio Marco Magliabechi^1633^1714^0,-1
