SKpersonId,personStrId
gap0000,"""Un accademico di Roma""^0^0^1689"
gap0001,(Girolamo di S. Ubaldo^0^0^1697
gap0002,(Missing in original)^0^0^1670
gap0003,A.B.A.S.^0^0^1691
gap0004,A.P.C.^0^0^1687
gap0005,Academia Naturae Curiosorum^0^0^1678
gap0008,Accademia dei Fisiocratici [Lettera circolare a stampa firmata da: Bichi Galgano; Scotti Cesare; Girolami Anton Francesco; Sonci Salvatore]^0^0^1697
gap0009,Acciaiuoli Roberto^0^0^1691
gap0010,Achilli Giovanni Battista^0^0^1706
gap0011,Acoluti Andrea^0^0^1700
gap0012,Acquaderni Nicola^0^0^1708
gap0013,Adriani Lorenzo^0^0^1703
gap0014,Adriano da Firenze^0^0^1708
gap0015,Agnellini Timoteo^0^0^1695
gap0016,Alberghetti Antonio^0^0^1702
gap0017,Albergotti Donato^0^0^1675
gap0018,Albizzi [Rinaldo] degli^0^0^1684
gap0019,Albizzi Francesco degli^0^0^1684
gap0020,Albizzi Luca degli^0^0^1702
gap0021,Albizzi Niccol• degli^0^0^1684
gap0022,Albizzini Giovanni^0^0^1662
gap0023,Albrizzi Girolamo^0^0^1704
gap0024,Albutius Antonio^0^0^1698
gap0025,Aldimari Biagio^0^0^1693
gap0026,Aleardi Gaspare^0^0^1676
gap0027,Alessandri Cosimo^0^0^1691
gap0028,Alessandro d'Ognissanti (frate)^0^0^1674
gap0029,Alessandro da S. Sigismondo^0^0^1699
gap0030,Alessandro di S. Elia^0^0^1680
gap0031,Alessio della Concezione^0^0^1681
gap0032,Alfani Vincenzo^0^0^1705
gap0033,Alghisi Tommaso^0^0^1708
gap0034,Alisei Onofrio^0^0^1707
gap0036,Alsati Giovanni Enrico^0^0^1678
gap0037,Altieri Sebastiano^0^0^1694
gap0038,Altoviti Maria Esaltata^0^0^1690
gap0039,Altruci Antonio^0^0^1681
gap0040,Amadori Antonio^0^0^1676
gap0041,Amadori Malegonnelle Antonio^0^0^1679
gap0042,Amerighi Pompeo^0^0^1687
gap0043,Anastasio Filippo^0^0^1687
gap0044,Anderson Olao^0^0^1661
gap0045,Andrea [d'Aquino]^0^0^1694
gap0046,Andrea de Hibernia^0^0^1677
gap0048,Andreini Pier Andrea^0^0^1690
gap0049,Andreucci Andrea^0^0^1711
gap0050,Angelico da Milano^0^0^1689
gap0051,Angelico di Genova^0^0^1687
gap0052,Angelini Giovanni Andrea^0^0^1698
gap0053,Angeli Stefano^0^0^1670
gap0055,Angelo Maria di S. Filippo Scalzo^0^0^1695
gap0056,Angioli Daniello^0^0^1678
gap0058,"Anisson, Posuel e Rigaud^0^0^1696"
gap0059,Anisson Jacques^0^0^1687
gap0060,Anisson Jean^0^0^1679
gap0061,Anisson Lorenzo^0^0^1670
gap0063,Ans [Paul] Ernest Ruth d'^0^0^1696
gap0064,Anselmi Giuseppe^0^0^1707
gap0065,Anselmo di Badia^0^0^1696
gap0066,Anselmo di Ferrara^0^0^1680
gap0067,Ansidei Giuseppe^0^0^1694
gap0068,Ansidei Marcantonio^0^0^1696
gap0069,Ansidei Signorelli Giuseppe^0^0^1702
gap0070,Antelmi Joseph^0^0^1685
gap0071,Antinori Francesco^0^0^1665
gap0072,Antinori Niccol•^0^0^1709
gap0073,Antoniani Berardelli Fernando^0^0^1696
gap0074,Antonio da Terrinca^0^0^1681
gap0075,Antonio delle Scuole Pie^0^0^1707
gap0076,Antonio di S. Niccol•^0^0^1695
gap0077,Antonio Domenico da S. Giovanni Evangelista^0^0^1685
gap0078,Antonio Nicolas^0^0^1675
gap0079,Anton Maria di Cortona^0^0^1683
gap0080,Anunio Ottaviano^0^0^1689
gap0081,Appiani Paolo Antonio^0^0^1691
gap0083,Aprosio Giovanni Angelo^0^0^1675
gap0084,Arbang Augustin^0^0^1700
gap0085,Arcangelo di Parma^0^0^1680
gap0086,Arcioni Angelo Maria^0^0^1681
gap0087,Arciti Lorenzo^0^0^1677
gap0088,Arfaruoli Filippo^0^0^1690
gap0089,Argelati Filippo^0^0^1704
gap0090,Argelati Giovanni Ambrogio^0^0^1683
gap0091,Ariani Agostino^0^0^1699
gap0092,Arisi Francesco^0^0^1700
gap0093,Armellini Mariano^0^0^1690
gap0094,Arnaud Giovanni^0^0^1683
gap0101,Arnolfini Domenico^0^0^1701
gap0102,Arpe Agostino Maria^0^0^1705
gap0103,Arrighetti G.^0^0^1667
gap0104,Arrighi Pompeo^0^0^1691
gap0106,Arrighi Stefano^0^0^1689
gap0107,Arrigoni Arrigo^0^0^1693
gap0108,Artudillo Carillo Leonardo d'^0^0^1693
gap0109,Asclepi Andrea^0^0^1684
gap0110,Asclepio Giovanni^0^0^1707
gap0111,Ashe George^0^0^1690
gap0112,Astori (?) Riccardo^0^0^1661
gap0113,Astori Giovanni Antonio^0^0^1701
gap0114,Astorini Elia^0^0^1691
gap0115,Attias Giuseppe^0^0^1703
gap0116,Aulisio Domenico^0^0^1694
gap0118,Auzout Adriano^0^0^1686
gap0119,Averani Benedetto^0^0^1698
gap0120,Avitosi Paolo^0^0^1695
gap0121,Axen Petrus^0^0^1692
gap0123,Ayroli Giacomo Maria^0^0^1681
gap0124,Azzi Faustina degli^0^0^1696
gap0125,Azzi Francesco Maria degli^0^0^1702
gap0126,Baba Andrea^0^0^1691
gap0127,Baba Gabriele^0^0^1690
gap0128,Baccani Francesco^0^0^1697
gap0129,Baccherelli Agostino^0^0^1680
gap0130,Bacchini Benedetto^0^0^1691
gap0131,Baccioni Bonaventura^0^0^1686
gap0132,Bacci Ottavio^0^0^1688
gap0133,Baciocchi Giovanni Tommaso^0^0^1695
gap0135,Badii Raffaello^0^0^1685
gap0136,Baenst Aureliano de^0^0^1696
gap0137,Baertius Franciscus^0^0^1688
gap0138,Baffico Giovanni Francesco^0^0^1683
gap0139,Baggi Giulio Cesare^0^0^1685
gap0140,Baglioni Francesco^0^0^1689
gap0141,Baglioni Paolo^0^0^1688
gap0142,Baglioni Tommaso^0^0^1673
gap0144,Baglivi Antonio^0^0^1698
gap0145,Bagnati Simone^0^0^1698
gap0146,Bagnesi Girolamo^0^0^1675
gap0147,Bagnoli Giuseppe^0^0^1692
gap0148,Balban^0^0^1684
gap0149,Baldassari Giovanni Battista^0^0^1671
gap0150,Baldazzi Giovanni^0^0^1668
gap0152,Baldigiani Antonio^0^0^1676
gap0153,Baldigiani Giovanni Maria^0^0^1692
gap0154,Baldini Leonardo^0^0^1686
gap0155,Baldinotti Domenico^0^0^1677
gap0156,Baldinucci Filippo^0^0^1676
gap0157,Baldniger Filippo Alberto^0^0^1694
gap0158,Baldocci Francesco Maria^0^0^1687
gap0159,Baldoriotti ne' Ferandini Alessandra^0^0^1697
gap0160,Baldoriotti Luigi^0^0^1678
gap0162,Baldovini Baldovino^0^0^1699
gap0163,Baldovini Francesco^0^0^1665
gap0164,Balducci Bonaventura^0^0^1680
gap0165,Balestri Giacomo^0^0^1689
gap0166,Balestri Ridolfo^0^0^1697
gap0167,Balestri Rinaldo^0^0^1709
gap0168,Balle Tommaso^0^0^1692
gap0170,Baluzzi Clemente^0^0^1692
gap0171,Bambacari Cesare Niccolò^0^0^1688
gap0173,Bambagini Michelangelo^0^0^1688
gap0174,Bandini Giulio^0^0^1698
gap0175,Banduri Anselmo Maria^0^0^1700
gap0176,Barbari Giuseppe Antonio^0^0^1695
gap0177,Barbarigo Giovanni Francesco^0^0^1704
gap0179,Barberi Carlo Filiberto^0^0^1705
gap0181,Barbetti Antonio Maria^0^0^1681
gap0182,Barbetti Giovanni Domenico^0^0^1678
gap0185,Barbieri Giuseppe^0^0^1685
gap0186,Barbieri Pietro^0^0^1709
gap0189,Barbigioni Diamante^0^0^1678
gap0190,Barboni Arsenio^0^0^1682
gap0191,Barcellini Alessandro^0^0^1713
gap0192,Barcellini Pier Girolamo^0^0^1706
gap0193,Barch Samuel^0^0^1688
gap0194,Bardi Giovanni^0^0^1695
gap0195,Bardi Niccol•^0^0^1698
gap0196,Bardi Pompeo de'^0^0^1693
gap0197,Bardi Vincenzo de^0^0^1674
gap0198,Bargagli Giulio Giuseppe^0^0^1687
gap0200,Baroncini Odoardo Maria^0^0^1698
gap0202,Barone Bonaventura^0^0^1681
gap0203,Barrigues Arniel Matteo^0^0^1686
gap0204,Barsanti Giovanni Niccol•^0^0^1685
gap0206,Bartholdi Cristiano Federico^0^0^1690
gap0207,Bartholinus Caspar^0^0^1678
gap0209,Bartoletti Ermenegildo^0^0^1689
gap0210,Bartoli Cosimo^0^0^1696
gap0211,Bartoli Daniello^0^0^1676
gap0212,Bartoli Domenico^0^0^1693
gap0213,Bartolini Cristoforo^0^0^1688
gap0214,Bartolini Gianfrancesco^0^0^1663
gap0215,Bartolini Niccolò^0^0^1681
gap0216,Bartolocci Giulio^0^0^1683
gap0217,Bartolommei Mattia Maria^0^0^1676
gap0218,Baruchi Antonio^0^0^1697
gap0219,Baruffaldi Girolamo^0^0^1705
gap0220,Barzan(ti) Michelangelo^0^0^1666
gap0221,Barzu [...] Baldassarre^0^0^1694
gap0222,Basilio di Casabasc[iana]^0^0^1685
gap0224,Bassi Tommaso Agostino^0^0^1693
gap0225,Battieri Jacopo^0^0^1691
gap0226,Baudrand Michel Antoine^0^0^1691
gap0227,Bava Niccol•^0^0^1701
gap0229,Bayle [Francois]^0^0^1700
gap0231,Beaupoil Antoine^0^0^1700
gap0232,Becci Giovanni Battista^0^0^1679
gap0233,Beccuti Gregorio^0^0^1670
gap0234,Beck Crstiano^0^0^1663
gap0235,Beck Matthaeus Fridericus^0^0^1696
gap0236,Bedeschi Girolamo^0^0^1687
gap0237,Behm Hans^0^0^1697
gap0238,Bellanti Girolamo^0^0^1676
gap0239,Bellini Francesco Maria^0^0^1684
gap0240,Bellini Giuseppe Maria^0^0^1683
gap0241,Bellini Lorenzo^1643^1704^0
gap0242,Belli Romolo^0^0^1706
gap0243,Bellisomo Francesco^0^0^1700
gap0244,Bellori Domenico^0^0^1708
gap0245,Bellori Giovanni Pietro^0^0^1682
gap0246,Bellosi Pietrercole^0^0^1673
gap0248,Benaglia Marino^0^0^1705
gap0249,Benagli Giuseppe^0^0^1677
gap0250,Benamato Gaudenzio Antonio^0^0^1688
gap0251,Bendinelli Michelangelo^0^0^1687
gap0252,Benedetti Lodovico Vincenzo^0^0^1684
gap0253,Benedetto di Ges— Cristo^0^0^1666
gap0254,Benedetto Maria da Castrone^0^0^1702
gap0255,Benfatti Francesco^0^0^1683
gap0256,Benotti Michele^0^0^1686
gap0257,Benriceuti Lorenzo Maria^0^0^1688
gap0258,Bentiano^0^0^1687
gap0259,Bentivogli Filippo^0^0^1687
gap0260,Bentivoglio^0^0^1676
gap0261,Benvenuti Bernardo^0^0^1667
gap0262,Benvenuti Francesco^0^0^1699
gap0263,Benvenuti Giovanni Francesco^0^0^1685
gap0264,Bepori Marc'Andrea^0^0^1695
gap0265,Beretta Gaspare^0^0^1700
gap0266,Berettari Francesco^0^0^1686
gap0267,Beretti Muzio^0^0^1688
gap0268,Bernardino da Firenze^0^0^1688
gap0269,Bernardino da Pontremoli^0^0^1697
gap0270,Bernardino Giuseppe^0^0^1688
gap0271,Bernieri Aurelio^0^0^1695
gap0272,Bernino Domenico^0^0^1685
gap0273,Berrettari Bernardino^0^0^1704
gap0274,Berrettari Francesco Ubaldo^0^0^1706
gap0275,Berruyer^0^0^1670
gap0276,Bersighelli Camillo^0^0^1689
gap0277,Bertani Giovanni^0^0^1670
gap0279,Berti Benedetto^0^0^1687
gap0280,Berti Michele^0^0^1678
gap0281,Berzighelli Giovanni Niccolò^0^0^1695
gap0282,Berzighelli Ugo^0^0^1692
gap0283,Betti Bernardo Maria^0^0^1689
gap0284,Beverini Bartolomeo^0^0^1681
gap0286,Bianchi Giulio Maria^0^0^1684
gap0287,Bianchini Francesco^0^0^1705
gap0288,Biffi Niccol•^0^0^1678
gap0289,Bigazzi Angelico^0^0^1678
gap0290,Bigazzi Cristoforo^0^0^1677
gap0293,Biliotti Ferdinando^0^0^1705
gap0294,Bimbacci Niccol•^0^0^1679
gap0295,Bindi Arcangelo^0^0^1689
gap0297,Bindi Jacopo^0^0^1666
gap0298,Bini Angiolo Maria^0^0^1664
gap0300,Bircherodus Janus jr.^0^0^1684
gap0301,Biringucci Pietro^0^0^1707
gap0302,Bissaiga Giovanni^0^0^1690
gap0303,Bissoni Odoardo^0^0^1692
gap0304,Bitti Francesco Maria^0^0^1689
gap0306,Blaeu Guglielmo^0^0^1662
gap0307,Blaeu Pietro^0^0^1672
gap0310,Bluteau Raffaele^0^0^1685
gap0311,Boarsala Carlo^0^0^1687
gap0312,Boccolini Giovanni Battista^0^0^1711
gap0313,Boccone Alfonso^0^0^1678
gap0315,Bodeni Ridolfo Cristoforo^0^0^1690
gap0316,Boldoni Ottavio^0^0^1678
gap0317,Bolgi Angelo Andrea^0^0^1688
gap0318,Bolgi Pier Maria^0^0^1687
gap0319,Bolognesi Giuseppe Maria^0^0^1690
gap0320,Boltardo Giovanni^0^0^1678
gap0321,Bonafede Giuseppe^0^0^1703
gap0322,Bonanni Filippo^0^0^1700
gap0323,Bonaventura^0^0^1683
gap0324,Bonaventura del S[acro] C[uore]^0^0^1693
gap0325,Bonaveri Giovanni Antonio^0^0^1685
gap0326,Boncompagno Apollonio^0^0^1704
gap0327,Bondicchi Camillo^0^0^1700
gap0328,Bondicchi Francesco^0^0^1679
gap0329,Bondoni Teodoro^0^0^1703
gap0330,Bonelli Pietro Paolo^0^0^1698
gap0331,Bonfanti Cristoforo^0^0^1680
gap0332,Bonfigli Francesco Maria^0^0^1677
gap0333,Bongino Giovanni^0^0^1691
gap0334,Bonini Filippo Maria^0^0^1674
gap0335,Bonjour Guglielmo^0^0^1700
gap0336,Bonomi Giovanni Francesco^0^0^1688
gap0337,Borboni Tancredi^0^0^1672
gap0339,Borde Filippo^0^0^1671
gap0344,Borgherini Giovanni Battista^0^0^1677
gap0346,Borghesi Ridolfo^0^0^1684
gap0347,Borghi Andrea^0^0^1676
gap0348,Borghi Camillo Maria^0^0^1710
gap0349,Borghini Maria Selvaggia^0^0^1692
gap0351,Borri Francesco Giuseppe^0^0^1687
gap0352,Borromei Giovanni Antonio^0^0^1667
gap0353,Borro Niccol• del^0^0^1688
gap0354,Borsari Antonio^0^0^1700
gap0355,Bosca Pietro Paolo^0^0^1680
gap0356,Boschi Paolo^0^0^1687
gap0357,Bosdari Niccol•^0^0^1685
gap0358,Bosdari Pietro^0^0^1677
gap0359,Boselli Cipriano^0^0^1672
gap0360,Bossi Pietro^0^0^1671
gap0361,Bottari Giovanni^0^0^1690
gap0362,Bottini Giovanni Battista^0^0^1697
gap0363,Bouchaud abate^0^0^1693
gap0364,Bourguet Louis^0^0^1709
gap0365,Bournardel Feliciano^0^0^1704
gap0367,Boyoland conte di^0^0^1704
gap0368,Bracceschi Giulio Cesare^0^0^1665
gap0369,Bracciolini Baroni Ippolito^0^0^1677
gap0370,Braida Giacinto^0^0^1701
gap0372,Brancaccini Domenico Maria^0^0^1681
gap0373,Brancaccio Giovanni^0^0^1702
gap0374,Branchi Anton Giuseppe^0^0^1708
gap0377,Bresci (?) [...]^0^0^1703
gap0378,Bresciani Benedetto^0^0^1685
gap0379,Bresciani Sigismondo^0^0^1689
gap0380,Brevi Lodovico^0^0^1695
gap0381,Briesmannus Johannes^0^0^1676
gap0382,Brigandi Simeone^0^0^1678
gap0383,Brinchius Ivanus^0^0^1709
gap0384,Brizi Angelo^0^0^1698
gap0385,Brocchi Giovanni Battista^0^0^1664
gap0386,Brondi Giuseppe^0^0^1678
gap0387,Bru Giovanni Luca de^0^0^1682
gap0388,Brunacci Alessandro^0^0^1664
gap0389,Brunamontini Antonio^0^0^1696
gap0390,Brunelleschi Antonio^0^0^1705
gap0392,Brunetti Giovanni Maria^0^0^1679
gap0393,Brunozzi Alfonso^0^0^1700
gap0394,Bruschi Francesco^0^0^1689
gap0395,Bubani Ortensio^0^0^1681
gap0396,Bubulli Niccol•^0^0^1682
gap0397,Buccioli Domenico^0^0^1690
gap0398,Bucelli Giuseppe^0^0^1695
gap0399,Buchel Johannes^0^0^1712
gap0401,Bulifon Niccol•^0^0^1694
gap0403,Buonamici Salvatore^0^0^1689
gap0404,Buonaparte Andrea^0^0^1680
gap0405,Buonarroti Filippo^0^0^1699
gap0407,Buondelmonti Ladislao^0^0^1690
gap0408,Buonfrizieri Placido Maria^0^0^1700
gap0409,Burali Carlo Maria^0^0^1677
gap0410,Burchi Bastiano^0^0^1692
gap0413,Burger Petrus^0^0^1690
gap0414,Burlamacchi Fabrizio^0^0^1681
gap0415,Burlamacchi Guglielmo^0^0^1689
gap0417,Burnet Thomas^0^0^1692
gap0418,Busca Ludovico^0^0^1709
gap0419,Bussieres Jean de^0^0^1673
gap0420,Busti Benedetto^0^0^1692
gap0421,Busti Giuseppe^0^0^1699
gap0422,Buti Niccol•^0^0^1702
gap0423,Butio Massimiliano^0^0^1709
gap0424,C.M.B.B.^0^0^1695
gap0425,C. P. frate^0^0^1683
gap0427,Cacherani Giuseppe^0^0^1677
gap0428,Cadorino Giacomo^0^0^1677
gap0429,Caggioli^0^0^1704
gap0430,Calcagni Diego^0^0^1679
gap0431,Calchberner^0^0^1696
gap0432,Calcioni Giovanni Battista^0^0^1698
gap0433,Caleppi Giovanni Giacomo^0^0^1676
gap0434,Califfi Antonio^0^0^1704
gap0435,Califfi Sigismondo^0^0^1704
gap0436,Caloprese Gregorio^0^0^1691
gap0437,Caluri Onorato^0^0^1700
gap0438,Calvelloni Santi^0^0^1686
gap0439,Calvi Donato^0^0^1675
gap0440,Calza Felice Lauro^0^0^1677
gap0441,Camelli Francesco^0^0^1671
gap0442,Camerarius Rudolphus Jacobus^0^0^1692
gap0443,Camotti Tommaso^0^0^1670
gap0444,Campelli Francesco Maria^0^0^1689
gap0445,Campelli Solone^0^0^1687
gap0446,Campione Francesco Maria^0^0^1695
gap0447,Camposampietro Alvise Antonio^0^0^1693
gap0448,Canale Giovanni^0^0^1683
gap0449,Canali Camillo^0^0^1684
gap0450,Canarisio Antonio Francesco^0^0^1683
gap0451,Cancellotti Marcantonio^0^0^1701
gap0452,Canneti Pietro^0^0^1695
gap0453,Cantatori Giovanni Battista^0^0^1696
gap0454,Cantelli Giacomo^0^0^1694
gap0455,Capalli Giovanni Battista^0^0^1685
gap0456,Capassi Gherardo^0^0^1687
gap0457,Capassi Giovanni Battista^0^0^1665
gap0458,Capece Angelo^0^0^1711
gap0459,Caperti Silvio^0^0^1679
gap0460,Capisucchi Lorenzo^0^0^1671
gap0461,Capisucchi Raimondo^0^0^1674
gap0464,Capponi Francesco^0^0^1694
gap0465,Capponi Giovanni Battista^0^0^1673
gap0466,Capponi Vincenzo^0^0^1659
gap0468,Caraccioli Antonio Francesco^0^0^1680
gap0469,Carafa Carlo Maria^0^0^1690
gap0470,Caramelli Andrea Francesco^0^0^1679
gap0472,Caramelli Antonio Francesco^0^0^1683
gap0473,Caramelli Lorenzo^0^0^1684
gap0474,Caravaggi Giovanni Andrea^0^0^1671
gap0475,Caravaggi Pietro Paolo^0^0^1675
gap0477,Carbone Antonio^0^0^1686
gap0478,Cardano Francesco Maria^0^0^1697
gap0479,Cardon Daniel^0^0^1677
gap0480,Carena Francesco Maria^0^0^1698
gap0481,Carini Antonio^0^0^1700
gap0482,Carlieri Jacopo^0^0^1693
gap0483,Carlini Domenico^0^0^1687
gap0484,Carlini Raffaello^0^0^1694
gap0485,Carli Paolo Francesco^0^0^1677
gap0486,Carlo d'Aquino^0^0^1704
gap0487,Carlo di S. Antonio da Padova^0^0^1676
gap0488,Carlo Giovanni del Gesù^0^0^1681
gap0490,Caro Francesco^0^0^1686
gap0491,Carpanti [...]^0^0^1685
gap0492,Carpanti Giuseppe^0^0^1683
gap0495,Casalecchi Ferdinando^0^0^1705
gap0496,Casalecchi Giovanni^0^0^1700
gap0498,Casari Giovanni Aurelio^0^0^1691
gap0499,Casati Paolo^0^0^1680
gap0500,Cascina Giuseppe Maria^0^0^1689
gap0501,Casini Giovanni Maria^0^0^1711
gap0502,Casini Ippolito^0^0^1691
gap0503,Casoni Giovanni^0^0^1669
gap0505,Castaniere Claudio^0^0^1669
gap0506,Castellini Giovanni Battista^0^0^1674
gap0507,Castiglioni Dante^0^0^1671
gap0509,Castri Ottavio^0^0^1687
gap0510,Catalani Carlo Bonaventura^0^0^1689
gap0511,Catani Michele Girolamo^0^0^1704
gap0512,Catelani Alessandro Luigi^0^0^1690
gap0513,Catelani Anacleto^0^0^1692
gap0514,Caterini Giovanni^0^0^1674
gap0515,Caterini Giovanni Silvo^0^0^1704
gap0516,Cava Alberto^0^0^1673
gap0517,Cavaceppi Federico^0^0^1708
gap0519,Cavalcanti Bernardino^0^0^1682
gap0520,Cavalcanti Lorenzo Maria^0^0^1681
gap0521,Cavalcanti Vincenzo^0^0^1678
gap0522,Cavaliero Bernardo^0^0^1702
gap0523,Cavallari^0^0^1670
gap0524,Cavana Giovanni Niccol•^0^0^1673
gap0525,Cavicchi Bonifacio^0^0^1691
gap0527,Cavina Pietro Maria^0^0^1679
gap0528,Cavina Sigismondo^0^0^1691
gap0529,Cecchi Bernardo^0^0^1697
gap0530,Cecchi Giovanni Battista^0^0^1691
gap0531,Cecchi Giovanni Filippo^0^0^1679
gap0533,Cecini Fabrizio^0^0^1669
gap0535,Celer[ini?] Angelo^0^0^1681
gap0536,Celes Martino^0^0^1698
gap0537,Celsio Giovanni^0^0^1692
gap0538,Celsius Olaus^0^0^1698
gap0539,Cenni Francesco Maria^0^0^1690
gap0541,Cenni Giacomo Maria^0^0^1688
gap0543,Cennini Leopoldo^0^0^1673
gap0544,Cennini Paolo^0^0^1669
gap0545,Centofiorini Girolamo^0^0^1693
gap0546,Centurione Anselmo^0^0^1677
gap0547,Centurioni Cornelio^0^0^1694
gap0548,Ceppi Vincenzo^0^0^1701
gap0549,Cerchi Alessandro de'^0^0^1686
gap0550,Cerchi Consiglio de'^0^0^1686
gap0551,Cerrini Donato^0^0^1696
gap0552,Cervioni Tommaso^0^0^1695
gap0555,Ceva Giovanni^0^0^1687
gap0556,Ceva Tommaso^0^0^1695
gap0557,Ce verini Giacomo Filippo^0^0^1689
gap0558,Cevoli del Carretto Francesco Maria^0^0^1705
gap0559,Cevoli del Carretto Niccol•^0^0^1697
gap0560,Chambreault di S. Germain de PrŠs^0^0^1687
gap0562,Checcozzi Giovanni^0^0^1714
gap0563,Chelli Giovanni Carlo^0^0^1690
gap0564,Cherubino da Bibbiena^0^0^1686
gap0565,Cherubino da Livorno^0^0^1679
gap0566,Chiarelli Giacomo^0^0^1674
gap0567,Chiari (?)^0^0^1667
gap0568,Chiari Gaetano^0^0^1677
gap0569,Chiari Giovanni Battista^0^0^1690
gap0570,Chierici Antonio^0^0^1700
gap0571,Chiesa Domenico^0^0^1666
gap0572,Chigi Francesco^0^0^1671
gap0574,Chimentelli Bartolomeo^0^0^1677
gap0576,Chouet Jean Antoine^0^0^1683
gap0578,Ciapetti Torello^0^0^1687
gap0579,Cicognini Jacopo^0^0^1707
gap0581,Cigala Giuseppe Maria^0^0^1695
gap0582,Cilli Ladislao^0^0^1671
gap0586,Cinelli Silvestro Maria^0^0^1685
gap0588,Ciogni Francesco^0^0^1704
gap0589,Ciogni Guglielmo^0^0^1693
gap0590,Ciriaci (?) [...]^0^0^1669
gap0591,Ciriaci Domenico^0^0^1708
gap0592,Ciriaci Eusebio Maria de'^0^0^1683
gap0593,Cirillo da Schio^0^0^1693
gap0594,Ciro di Pers^0^0^1698
gap0595,Cito Giovanni^0^0^1690
gap0596,Claude de Sainte Marguerite^0^0^1686
gap0597,Claudio Giorgio^0^0^1700
gap0598,Clewter Lorenzo^0^0^1693
gap0599,Cluvero p.^0^0^1709
gap0600,Cocceius J[ohannes]^0^0^1700
gap0601,Codde Petrus^0^0^1700
gap0604,Coleiani Giovanni^0^0^1690
gap0605,Colli Carlo^0^0^1676
gap0606,Colombo Giovanni^0^0^1698
gap0607,Colonia [Domenique de?]^0^0^1701
gap0608,Colosini abate (?)^0^0^1700
gap0610,Colzi Carlo^0^0^1680
gap0611,Colzi Giuliano^0^0^1677
gap0612,Combi Giovanni^0^0^1657
gap0615,Combi Sebastiano^0^0^1659
gap0617,Comneno Papadopoli Niccol•^0^0^1700
gap0618,Compagni Gregorio^0^0^1696
gap0619,Comparini Benedetto^0^0^1688
gap0620,Comparini Maddalena Angelica^0^0^1685
gap0622,Comparini Maria Francesca^0^0^1673
gap0623,Condilli Giorgio^0^0^1710
gap0626,Contarini Bernardo^0^0^1685
gap0627,Contenti Odoardo^0^0^1710
gap0629,Conti Alessandro^0^0^1680
gap0630,Conti Andrea^0^0^1705
gap0631,Conti Giovanni Battista^0^0^1655
gap0632,Conti Giuseppe Antonio^0^0^1688
gap0633,Conti Lodovico^0^0^1673
gap0634,Conti Paolo Antonio^0^0^1693
gap0635,Conventati Giovanni Battista^0^0^1704
gap0636,Conzatti Zaccaria^0^0^1684
gap0638,Coppi Giovanni Vincenzo^0^0^1693
gap0639,Corboli Leonora Celeste^0^0^1670
gap0640,Cordemoy [Louis G‚raud] de^0^0^1684
gap0641,Cordini Francesco^0^0^1688
gap0642,Core si Del Bruno Giovanni Vincenzo^0^0^1713
gap0643,Cornaro [Giorgio]^0^0^1701
gap0644,Corniani Giovan Fracesco^0^0^1677
gap0645,Corniani Giovanni Giacomo^0^0^1686
gap0646,Corniani Rocco^0^0^1676
gap0647,Coronelli Vincenzo Maria^1650^1718^0
gap0648,Corradi d'Austria Domenico de'^0^0^1709
gap0650,Corrazzari Pietro^0^0^1669
gap0651,Correggio Orazio^0^0^1704
gap0652,Corsi Domenico Maria^0^0^1674
gap0653,Corsi Giovanni Battista^0^0^1690
gap0654,Corsi Lorenzo^0^0^1676
gap0655,Corsini Bartolomeo^0^0^1676
gap0656,Corsini Filippo^0^0^1699
gap0657,Corsini Francesco Maria^0^0^1700
gap0658,Cortese Giuseppe Maria^0^0^1696
gap0659,Cortesi Fortunato^0^0^1702
gap0660,Cosci Clemente^0^0^1673
gap0662,Cosmi Stefano^0^0^1683
gap0663,Cossetti Francesco^0^0^1689
gap0664,Cosson Abraham^0^0^1701
gap0666,Costa Bartolomeo^0^0^1687
gap0667,Costa Giacomo^0^0^1670
gap0668,Costa Giovanni Battista^0^0^1690
gap0670,Costalta Giuseppe^0^0^1673
gap0671,Costantino Giulio Cesare^0^0^1679
gap0672,Court Carlo Catone de^0^0^1679
gap0673,Couterot Jean^0^0^1695
gap0674,Covi Camillo^0^0^1703
gap0675,Cranford Jacob^0^0^1677
gap0676,Crasso Bartolomeo^0^0^1687
gap0677,Crasso Lorenzo^0^0^1684
gap0678,Cremona Carlo Alessio^0^0^1691
gap0679,Crescenzi Alessandro^0^0^1685
gap0680,Crescimbeni Giovanni Mario^0^0^1697
gap0681,Cress Giorgio Cristoforo di Cres-senstein^0^0^1688
gap0683,Cress Pandolfo Cristoforo di Cres-senstein^0^0^1688
gap0684,Crovelsch Giovanni^0^0^1677
gap0685,Crozier Giovanni^0^0^1702
gap0687,Crusius Hans^0^0^1690
gap0688,Cugi Lorenzo^0^0^1663
gap0689,Cuningham Robert^0^0^1686
gap0691,Cunter Michele^0^0^1695
gap0693,Curini Urbano^0^0^1687
gap0694,Curione Ambrogio^0^0^1707
gap0695,Cutrona Antonio^0^0^1702
gap0696,D.P.M. Cav. C.A.Ba.^0^0^1712
gap0697,D'Afflitto Gennaro Maria^0^0^1669
gap0698,D'Andrea Francesco^0^0^1685
gap0700,D'Avanzo Francesco^0^0^1696
gap0701,D'Elci Filippo^0^0^1686
gap0702,Dalla Casa Lodovico^0^0^1679
gap0703,Dalmayr P. P.^0^0^1711
gap0704,Dal Monte Girolamo^0^0^1677
gap0705,Damaideno Teodoro^0^0^1682
gap0706,Damiani Giovanni Battista^0^0^1677
gap0707,Dandi Giovanni Pellegrino^0^0^1701
gap0708,Dandino Anselmo^0^0^1692
gap0709,Dandino Muzio^0^0^1684
gap0710,Daniele d'Aqui^0^0^1685
gap0711,Daniele di S. Daniele^0^0^1688
gap0714,Dati Francesco^0^0^1678
gap0716,Davanzelli Antonio^0^0^1692
gap0717,Davico Turrini Giuseppe Antonio^0^0^1680
gap0718,DAvico Torini Giovanni Francesco^0^0^1678
gap0720,David Domenico^0^0^1691
gap0721,Dazzi Giovanni Domenico^0^0^1696
gap0722,De Angelis Domenico^0^0^1702
gap0723,De Angelis Niccol•^0^0^1704
gap0724,Dearcavy (lettura incerta)^0^0^1669
gap0725,De Benedictis Giovanni Battista^0^0^1705
gap0726,De Castris Francesco^0^0^1705
gap0727,De Cristofaro Giacinto^0^0^1702
gap0728,De Felici Antonio^0^0^1707
gap0729,De Gasperis Paolo^0^0^1676
gap0730,Degni Giacinto^0^0^1699
gap0731,De Gubernatis^0^0^1698
gap0732,De Gubernatis Domenico^0^0^1689
gap0733,Delbecque Norbert^0^0^1700
gap0734,Del Borgo Jacopo^0^0^1668
gap0735,Del Buono Anton Maria^0^0^1671
gap0736,Del Buono Candido^0^0^1662
gap0737,Del Chiaro Giuseppe Alessandro^0^0^1684
gap0738,Delfini Boursaler Carlo^0^0^1711
gap0739,Dell'Ara Paolo^0^0^1665
gap0740,Dell'Otto (?) Fr[ancesco]^0^0^1701
gap0741,Della Chiesa Pietro^0^0^1697
gap0742,Della Nave Domenico^0^0^1671
gap0743,Del Lapo Jacopo^0^0^1657
gap0744,Della Rena Ferdinando^0^0^1667
gap0745,Della Rena Giacinto^0^0^1679
gap0746,Della Stufa Ugo^0^0^1679
gap0748,Del Monte Cerbone^0^0^1681
gap0749,Del Negro^0^0^1680
gap0750,Del Nero Carlo Ventura^0^0^1677
gap0751,Del Noia Domenico^0^0^1674
gap0752,Del Pozzo Francesco Bartolomeo^0^0^1688
gap0753,Del Teglia Francesco^0^0^1701
gap0754,Del Teglia Giuseppe Bonaventura^0^0^1703
gap0755,Del Teglia Matteo^0^0^1686
gap0756,Del Torre Filippo^0^0^1701
gap0757,De Milo Domenico Andrea^0^0^1697
gap0758,De Miro Giovanni Battista^0^0^1691
gap0759,De Oroco Francesco^0^0^1685
gap0760,De Petris Giacinto Maria^0^0^1705
gap0761,De Priencourt^0^0^1709
gap0763,Desbordes Henry^0^0^1689
gap0764,De Soto Juan^0^0^1689
gap0765,Deza Massimiliano^0^0^1691
gap0766,Di Agostini Lorenzo^0^0^1701
gap0767,Diana Francesco Maria^0^0^1687
gap0768,Diana Paleologo Giovanni Battista^0^0^1694
gap0769,Di Bartolomeo Lorenzo^0^0^1700
gap0771,Diego del SS. Sacramento^0^0^1684
gap0772,Diepenbrouck Giovanni van^0^0^1685
gap0773,Di Fosco Domenico^0^0^1689
gap0774,Dimpfel Johann Albert^0^0^1699
gap0775,Dinder Giovanni Guglielmo^0^0^1706
gap0777,Di Negri Giovanni Giacomo^0^0^1690
gap0778,Dini Agostino^0^0^1666
gap0779,Dini Francesco Antonio^0^0^1712
gap0781,Diomedi Domenico^0^0^1692
gap0782,Discalzi Albertino^0^0^1680
gap0784,Dol[fi] Costanzo^0^0^1674
gap0785,Dolci Biagio^0^0^1675
gap0786,Dollera Pantaleone^0^0^1695
gap0787,Domenico Andrea di Asola^0^0^1688
gap0788,Donati Donato^0^0^1700
gap0789,Donati Francesco Maria^0^0^1694
gap0790,Donati Giovanni^0^0^1666
gap0791,Donati Pier Martino^0^0^1679
gap0792,Donato^0^0^1686
gap0793,Donelli Giovanni Lodovico^0^0^1699
gap0794,Doni Angelo^0^0^1680
gap0795,Doni Francesco^0^0^1683
gap0796,Donnini Filippo^0^0^1681
gap0797,Donnoli Francesco Alfonso^0^0^1682
gap0798,Donnoli Lattanzio Antonio^0^0^1674
gap0799,Donzelli Tommaso^0^0^1699
gap0800,Dottori C[arlo] de'^0^0^1680
gap0804,Du Bue Alexius^0^0^1699
gap0805,Du Caila Jacques^0^0^1694
gap0806,Ducei Bernardino Maria^0^0^1709
gap0807,Ducei Francesco^0^0^1680
gap0808,Ducei Francesco Maria^0^0^1704
gap0809,Ducei Marco^0^0^1678
gap0810,Duffi Patrizio^0^0^1689
gap0811,Du Fresne Raphael^0^0^1656
gap0812,Du Menay Joseph^0^0^1679
gap0813,Du Ponceau Elia^0^0^1675
gap0814,Durand Jean^0^0^1686
gap0815,Du Vivi‚ Johannes^0^0^1696
gap0816,E. R. (?)^0^0^1700
gap0817,Ebner da Eschenbach Giovanni Carlo^0^0^1707
gap0818,Ecchellenze Dionisio^0^0^1687
gap0819,Edelius Giovanni^0^0^1687
gap0820,Eetering (?) F. F.^0^0^1690
gap0821,Elia di S. Giuseppe^0^0^1696
gap0822,Elmi Agostino Nicola^0^0^1682
gap0823,Eloy Augustin de Lyon^0^0^1702
gap0825,Emanuele di Ges— Maria^0^0^1690
gap0826,Endter Wolfgang Moritz^0^0^1675
gap0827,Enrico di S. Alessio^0^0^1701
gap0829,Eredi di Paolo Frambotti^0^0^1665
gap0830,Erico Giovanni Pietro^0^0^1701
gap0831,Ermini Michele^0^0^1665
gap0832,Eschenbach Andreas Christian^0^0^1692
gap0833,Esdra Ausiglio^0^0^1690
gap0834,Estiennot Claude^0^0^1689
gap0835,Ettoreo Giovanni Battista^0^0^1677
gap0836,Eustachio da S. Ubaldo^0^0^1694
gap0837,Every Francesco^0^0^1678
gap0838,F. A.^0^0^1704
gap0839,Fabbriche Giuseppe^0^0^1688
gap0840,Fabii Giuseppe Maria^0^0^1696
gap0842,Fabretti Urbano^0^0^1697
gap0845,Fabrini Anton Maria^0^0^1682
gap0846,Fabri Onorato^0^0^1676
gap0847,Faella Sigismondo^0^0^1677
gap0848,Fagiuoli Giovanni Battista^0^0^1695
gap0849,Falconieri Giacomo^0^0^1707
gap0851,Falleti Giacomo^0^0^1692
gap0852,Falugi Virgilio^0^0^1694
gap0853,Fantoni Domenico^0^0^1667
gap0854,Fardella Michelangelo^0^0^1698
gap0855,Farinola Valentino^0^0^1679
gap0856,Farulli Gregorio^0^0^1702
gap0857,Fatinelli Fatinello^0^0^1689
gap0858,Faure Ferries [Jacques de]^0^0^1675
gap0859,Faveri Ermenegildo^0^0^1692
gap0860,Febei Francesco Antonio^0^0^1685
gap0861,Febei Girolamo^0^0^1688
gap0862,Fedeli Carlo^0^0^1697
gap0863,Federici Domenico^0^0^1676
gap0864,Federigi T[...]^0^0^1685
gap0865,Fei Giovanni Domenico^0^0^1698
gap0867,Felici Clemente^0^0^1709
gap0868,Felici Giovanni Battista^0^0^1679
gap0870,Fenoglio Giovanni Paolo^0^0^1686
gap0871,Ferandini Girolamo^0^0^1699
gap0873,Ferrari Francesco Bernardino^0^0^1662
gap0875,Ferretti Giovanni^0^0^1677
gap0876,Ferretti Lauro Felice^0^0^1683
gap0877,Ferri Giacomo^0^0^1686
gap0878,Ferro Giovanni Maria^0^0^1711
gap0879,Ferroni Carlo^0^0^1693
gap0880,Ferroni Giovanni Francesco^0^0^1692
gap0881,Ferroni Giuseppe^0^0^1684
gap0882,Fesch Sebastian^0^0^1685
gap0885,Fieschi Giovanni Stefano^0^0^1699
gap0886,Fieschi Innocenzo^0^0^1712
gap0887,Filarete (= Ferrari Tommaso Maria?)^0^0^1709
gap0888,Filicaia Vincenzo di^0^0^1690
gap0889,Filippeschi Domenico^0^0^1699
gap0890,Filippini Agnolo^0^0^1685
gap0891,Filippini Alessandro^0^0^1677
gap0892,Filippini Pier Maria^0^0^1668
gap0893,Filippo Antonio della Concezione^0^0^1703
gap0894,Filippo Maria da Firenze^0^0^1676
gap0895,Filoni Giovanni Antonio^0^0^1713
gap0896,Finardi Angelo^0^0^1676
gap0897,Finardi Bartolomeo^0^0^1674
gap0898,Finardo di Calepio^0^0^1678
gap0899,Findechelles Christoph Daniel^0^0^1671
gap0900,Finn Giovanni Tobia^0^0^1675
gap0901,Fiorati Angelo^0^0^1676
gap0902,Fioravanti Aurelio^0^0^1688
gap0903,Fioravanti Enrico^0^0^1679
gap0904,Fioravanti Mario^0^0^1686
gap0905,Fiorelli Giacomo^0^0^1678
gap0906,Fiorentini Francesco Maria^0^0^1668
gap0907,Fiorentini Mario^0^0^1698
gap0908,Fiorini Donato^0^0^1667
gap0909,Fongarini Giacomo^0^0^1688
gap0911,Fonii Giovanni Battista^0^0^1674
gap0912,Fontaine Jacob de la^0^0^1698
gap0913,Fontana Fulvio^0^0^1688
gap0914,Fontana Gaetano^0^0^1697
gap0916,Forastieri Stefano^0^0^1706
gap0917,Forti Girolamo^0^0^1700
gap0918,Fortini Angiolo Luigi^0^0^1693
gap0919,Fortunati Francesco^0^0^1700
gap0920,Forzoni Accolti Francesco^0^0^1701
gap0921,Forzoni Accolti Pier Andrea^0^0^1689
gap0922,Foscarini Libero^0^0^1699
gap0923,Foscarini Sebastiano^0^0^1698
gap0924,Fountaine Andr‚^0^0^1702
gap0925,Fracassati Carlo^0^0^1663
gap0926,Frambotti Giuseppe^0^0^1684
gap0927,Frambotti Pietro Maria^0^0^1684
gap0928,Franceschi Anton Maria^0^0^1691
gap0929,Franceschi Girolamo^0^0^1678
gap0930,Franceschini Egidio^0^0^1708
gap0931,Franceschi Pasquino^0^0^1690
gap0932,Francesco^0^0^1673
gap0933,Francesco da Bergamo^0^0^1675
gap0934,Francesco di Dogliano^0^0^1709
gap0935,Francesco di Prato^0^0^1682
gap0938,Franchen Enrico Federico^0^0^1691
gap0939,Franchini Giovanni^0^0^1688
gap0940,Francini Giovanni Lorenzo^0^0^1671
gap0941,Francioni Alberto Maria^0^0^1693
gap0943,Franck Georg^0^0^1700
gap0944,Francolini Baldassarre^0^0^1706
gap0946,Fransoni Anton Francesco Mattia^0^0^1672
gap0948,Fransoni Jacopo^0^0^1664
gap0949,Frassen [Claude?]^0^0^1695
gap0950,Fraticelli Giovanni Battista^0^0^1695
gap0951,Frigimelica Girolamo^0^0^1712
gap0952,Frisio Andrea^0^0^1661
gap0954,Froduti Arcangelo^0^0^1698
gap0955,Frosini Francesco^0^0^1700
gap0956,Fursen Johannes Frederich^0^0^1676
gap0957,Furstenberg Anton Ferdinand^0^0^1706
gap0958,G. Girolamo de' Servi^0^0^1685
gap0959,Gabbrielli Piero Maria^0^0^1697
gap0960,Gaffarel Jacques de^0^0^1673
gap0961,Gaggini Giovanni Domenico^0^0^1708
gap0962,Gaggioli Giovanni Domenico^0^0^1683
gap0963,Gagnoni Marcantonio^0^0^1703
gap0964,Galantini Domenico^0^0^1663
gap0965,Galeffi Lorenzo^0^0^1674
gap0966,Galiani (?) Amerigo^0^0^1681
gap0967,Gallaccini Teofilo^0^0^1708
gap0969,Galletti Minozzi Francesca^0^0^1672
gap0970,Galliani Coccapani Giovanni^0^0^1687
gap0971,Galli Lorenzo^0^0^1677
gap0972,Galva Giacomo^0^0^1695
gap0973,Gamurrini Eugenio^0^0^1673
gap0974,Gandolfo Antonio^0^0^1690
gap0976,Gandollini Giovanni^0^0^1688
gap0977,Garbagli Agostino^0^0^1665
gap0980,Gozzi Tommaso^0^0^1703
gap0981,Garzoni Giovanni Paolo Andrea^0^0^1675
gap0982,Gastines Carlo de^0^0^1688
gap0984,Gastines Gilles de^0^0^1673
gap0985,Gatti Antonio^0^0^1707
gap0986,Gatti Carlo Maria^0^0^1696
gap0987,Gattinara Francesco^0^0^1698
gap0988,Gatti Stefano^0^0^1695
gap0989,Gaudioso Giuseppe^0^0^1708
gap0990,Gaurano Tommaso^0^0^1681
gap0991,Gavardi Federico Nicola^0^0^1682
gap0992,Gavardi Ferdinando^0^0^1712
gap0993,Gensini Jacopo Felice Maria^0^0^1691
gap0994,Gerini Pier Antonio^0^0^1680
gap0995,Germain Michel^0^0^1688
gap0996,Gherardi Bartolomeo^0^0^1678
gap0997,Gherardi Carlo^0^0^1674
gap0998,Gherardi Gherardo^0^0^1673
gap0999,Gherardi Neri^0^0^1688
gap1000,Ghezzi Gian Giacomo^0^0^1691
gap10000,Ignoto_10000^0^0^1682
gap10001,Ignoto_10001^0^0^1682
gap10002,Ignoto_10002^0^0^1682
gap10003,Ignoto_10003^0^0^1682
gap10004,Ignoto_10004^0^0^1682
gap10005,Ignoto_10005^0^0^1682
gap10006,Ignoto_10006^0^0^1682
gap10007,Ignoto_10007^0^0^1682
gap10008,Ignoto_10008^0^0^1682
gap10009,Ignoto_10009^0^0^1682
gap1001,Ghiretti Giacomo Filippo^0^0^1679
gap10010,Ignoto_10010^0^0^1682
gap10011,Ignoto_10011^0^0^1682
gap10012,Ignoto_10012^0^0^1682
gap10013,Ignoto_10013^0^0^1682
gap10014,Ignoto_10014^0^0^1682
gap10015,Ignoto_10015^0^0^1682
gap10016,Ignoto_10016^0^0^1682
gap10017,Ignoto_10017^0^0^1682
gap10018,Ignoto_10018^0^0^1682
gap10019,Ignoto_10019^0^0^1682
gap1002,Ghirlandi Francesco Maria^0^0^1705
gap10020,Ignoto_10020^0^0^1682
gap10021,Ignoto_10021^0^0^1682
gap10022,Ignoto_10022^0^0^1682
gap10023,Ignoto_10023^0^0^1682
gap10024,Ignoto_10024^0^0^1682
gap10025,Ignoto_10025^0^0^1682
gap10026,Ignoto_10026^0^0^1682
gap10027,Ignoto_10027^0^0^1682
gap10028,Ignoto_10028^0^0^1682
gap10029,Ignoto_10029^0^0^1682
gap1003,Giacobi Napoleone^0^0^1691
gap10030,Ignoto_10030^0^0^1682
gap10031,Ignoto_10031^0^0^1682
gap10032,Ignoto_10032^0^0^1682
gap10033,Ignoto_10033^0^0^1682
gap10034,Ignoto_10034^0^0^1682
gap10035,Ignoto_10035^0^0^1682
gap10036,Ignoto_10036^0^0^1682
gap10037,Ignoto_10037^0^0^1682
gap10038,Ignoto_10038^0^0^1682
gap10039,Ignoto_10039^0^0^1682
gap1004,Giacomo di Parma^0^0^1686
gap10040,Ignoto_10040^0^0^1682
gap10041,Ignoto_10041^0^0^1682
gap10042,Ignoto_10042^0^0^1682
gap10043,Ignoto_10043^0^0^1682
gap10044,Ignoto_10044^0^0^1682
gap10045,Ignoto_10045^0^0^1682
gap10046,Ignoto_10046^0^0^1682
gap10047,Ignoto_10047^0^0^1682
gap10048,Ignoto_10048^0^0^1682
gap10049,Ignoto_10049^0^0^1682
gap1005,Giacomo Filippo [...]^0^0^1681
gap10050,Ignoto_10050^0^0^1682
gap10051,Ignoto_10051^0^0^1682
gap10052,Ignoto_10052^0^0^1682
gap10053,Ignoto_10053^0^0^1682
gap10054,Ignoto_10054^0^0^1682
gap10055,Ignoto_10055^0^0^1682
gap10056,Ignoto_10056^0^0^1682
gap10057,Ignoto_10057^0^0^1682
gap10058,Ignoto_10058^0^0^1682
gap10059,Ignoto_10059^0^0^1682
gap1006,Giacomo Maria di S. Paolo^0^0^1664
gap10060,Ignoto_10060^0^0^1682
gap10061,Ignoto_10061^0^0^1682
gap10062,Ignoto_10062^0^0^1682
gap10063,Ignoto_10063^0^0^1682
gap10064,Ignoto_10064^0^0^1682
gap10065,Ignoto_10065^0^0^1682
gap10066,Ignoto_10066^0^0^1682
gap10067,Ignoto_10067^0^0^1682
gap10068,Ignoto_10068^0^0^1682
gap10069,Ignoto_10069^0^0^1682
gap1007,Giamberti Luca^0^0^1694
gap1008,Giampiero da Guastalla^0^0^1705
gap1009,Giandemaria Giacomo^0^0^1689
gap1010,Gianelli Andrea^0^0^1710
gap1011,Giannelli Basilio^0^0^1692
gap1012,Giannelli Giovanni^0^0^1706
gap1014,Giannelli Giuseppe^0^0^1690
gap1015,Giannettasio Niccol•^0^0^1696
gap1017,Gianninelli Giovanni Maria^0^0^1690
gap1018,Giannoni Giovanni Francesco^0^0^1684
gap1019,Gigli Girolamo^0^0^1698
gap1020,Gigli Vincenzo Maria^0^0^1701
gap1021,Gimma Giacinto^0^0^1704
gap1022,Gioia Agata Margherita^0^0^1701
gap1023,Gioia Alfonso^0^0^1679
gap1024,Giordani Vitale^0^0^1691
gap1025,Giorlati (?) Vincenzo^0^0^1694
gap1026,Giovannelli Andrea^0^0^1707
gap1027,Giovannelli Giovanni Paolo^0^0^1691
gap1028,Giovanni [...]^0^0^1684
gap1029,Giovanni Battista^0^0^1664
gap1030,Giovanni Battista di Fugnano^0^0^1674
gap1031,Giovanni Battista di S. Agata^0^0^1700
gap1033,Giovanni Carlo di S. Anastasia^0^0^1698
gap1034,Giovanni Crisostomo di S. Paolo^0^0^1706
gap1035,Giovanni d'Albola^0^0^1674
gap1036,Giovanni da Monte^0^0^1681
gap1037,Giovanni di S. Maria^0^0^1677
gap1039,Giovanni di Viglialva^0^0^1684
gap1040,Giovanni Domenico di Cutigliano^0^0^1700
gap1041,Giovanni Domenico di S. Vincenzo^0^0^1694
gap1042,Giovanni Francesco di S. Pietro^0^0^1675
gap1043,Giovanni Giuseppe delle Scuole Pie^0^0^1706
gap1044,Giovanni Ignazio di Parigi^0^0^1677
gap1045,Giovanni Maria della Pace^0^0^1699
gap1046,Giovanni Paolo;vice inquisitore di Firenze^0^0^1672
gap1047,Giovanni Paolo^0^0^1677
gap1048,Giovanni Paolo di Calepio^0^0^1675
gap1049,Giovanni Stefano di S. Niccol•^0^0^1687
gap1050,Giraldi Giovanni^0^0^1662
gap1051,Giraldi Giovanni Pietro^0^0^1708
gap1052,Giraldi Leonardo^0^0^1672
gap1053,Giraldi Vincenzo^0^0^1664
gap1054,Girolamo di San Niccol•^0^0^1686
gap1055,Girolamo Maria di S. Anna^0^0^1695
gap1057,Gittio Andrea Giuseppe^0^0^1692
gap1059,Giulianetti Giovan Paolo^0^0^1683
gap1060,Giunta Francesco Maria^0^0^1692
gap1061,Giunti Pasquale Antonio^0^0^1698
gap1062,Giuseppe^0^0^1681
gap1063,Giuseppe da Firenze^0^0^1678
gap1064,Giuseppe della Visitazione^0^0^1675
gap1066,Giuseppe di Ges— Maria^0^0^1687
gap1067,Giuseppe Vicario dei Cappuccini^0^0^1693
gap1068,Giusti Giacomo^0^0^1685
gap1069,Giustiniano^0^0^1674
gap1070,Giustiniano da Novi^0^0^1679
gap1071,Glaria Vincenzo^0^0^1683
gap1072,Gleich Johann Andreas^0^0^1699
gap1073,Godemini Cesare^0^0^1713
gap1074,Goedaert Franz^0^0^1711
gap1076,Goetze Goffredo Cristiano^0^0^1698
gap1077,Golchitto Sabato (?)^0^0^1698
gap1078,Gonzaga Alfonso^0^0^1676
gap1080,Gordon Jacob^0^0^1703
gap1081,Gori Pier Filippo^0^0^1710
gap1082,Gottifredi Francesco^0^0^1662
gap1083,Goutier Francois de^0^0^1706
gap1084,Gozzadoro Girolamo^0^0^1685
gap1086,Gradi Francesca^0^0^1698
gap1087,Gradi Lorenzo^0^0^1675
gap1091,Grammatica Carlo Antonio^0^0^1686
gap1092,Grandi Francesco^0^0^1694
gap1093,Grandi Giuseppe^0^0^1706
gap1094,Grandi Guido^0^0^1707
gap1095,Grandi Silvio^0^0^1704
gap1096,Grassi Bartolomeo^0^0^1686
gap1097,Grassi Niccol•^0^0^1688
gap1098,Grassi Pietro Maria^0^0^1707
gap1099,Grassi Simone^0^0^1684
gap1100,Grati (?) Niccol• Angelo^0^0^1685
gap1102,Grazia Giovanni Jacopo^0^0^1673
gap1103,Grazzini Filippo^0^0^1677
gap1104,Gregorio di Firenze^0^0^1676
gap1106,Grimani Pietro^0^0^1701
gap1107,Grimstiz Georg Adam di^0^0^1701
gap1108,Groenendyck [Rippertus von?]^0^0^1690
gap1109,Groenix Adam^0^0^1677
gap1112,Grui Lodovico^0^0^1698
gap1113,Guadagni Donato Maria^0^0^1705
gap1114,Guadagni Pier Antonio^0^0^1661
gap1116,Gualdo Gabriele^0^0^1711
gap1117,Gualdo Priorato Galeazzo^0^0^1666
gap1118,Gualdo Priorato Niccol•^0^0^1666
gap1120,Gualterotti Vincenzo^0^0^1693
gap1121,Guccianti Domenico^0^0^1665
gap1122,Gucci Carlo^0^0^1684
gap1123,Guesin Antonio^0^0^1685
gap1124,Guglielmini Domenico^0^0^1692
gap1125,Guglielmini Giuseppe Antonio^0^0^1684
gap1127,Guibordenche Onorato^0^0^1688
gap1128,Guicciardini Celestino^0^0^1687
gap1129,Guidarelli Giovanni Angiolo^0^0^1702
gap1130,Guidetti Guidetto^0^0^1697
gap1131,Guidi Domenico^0^0^1678
gap1132,Guidi Filippo^0^0^1695
gap1133,Guidi Giuseppe^0^0^1698
gap1134,Guidoni Francesco^0^0^1683
gap1135,Guinigi Carlo Girolamo^0^0^1687
gap1136,Guinigi Francesco^0^0^1678
gap1137,Guler Giovanni Andrea^0^0^1665
gap1138,H. A.^0^0^1686
gap1139,Haelwegh Adrian (pseud.: Pavone)^0^0^1681
gap1140,Hainzel Marco^0^0^1679
gap1141,Haltzschur Veit Georg di Neuburg^0^0^1693
gap1142,Hambloch Christian^0^0^1694
gap1143,Brassart^0^0^1687
gap1145,Haroldus Franciscus^0^0^1679
gap1146,Heckel Johann Friedrich^0^0^1691
gap1148,Hellemans Peter^0^0^1713
gap1149,Henkel Leo Ferdinand^0^0^1661
gap1151,Hermann G. di Deutz^0^0^1695
gap1152,Hermann Jacob^0^0^1707
gap1153,Hertz Giovanni Giacomo^0^0^1686
gap1154,Hertz Michele^0^0^1691
gap1155,Heusch Johan Christian^0^0^1678
gap1157,Hildebrand Andreas^0^0^1689
gap1162,Hopfer Antonio Uldarico^0^0^1685
gap1164,Hopfer Benedict^0^0^1681
gap1165,Hopfer Erasmo^0^0^1685
gap1168,Huguetan fratelli^1683^0^0
gap1172,Barbier Giullaume^0^0^1667
gap1173,Jean-Antoine Huguetan e Compagnia^0^0^0
gap1175,Ravaud Antoine^0^0^1662
gap1177,Huguetan Jean Henry^1664^1749^0
gap1179,Marc Huguetan^1655^1702^0
gap1181,Hunefeld Carlo di^0^0^1695
gap1182,Huntington Robert^0^0^1682
gap1183,Huyssen H[endrik van]^0^0^1690
gap1187,Iguario Sabastiano (gi… Gregorio^0^0^1690
gap1188,Ilario Serafino di Lodi;S. Francesco^0^0^1703
gap1189,Il Guardiano del Sacro Palazzo^0^0^1665
gap1190,Il Priore della Costa^0^0^1692
gap1191,Imbonati Carlo Giuseppe^0^0^1691
gap1192,Imhof Friedrich Wilhelm^0^0^1694
gap1193,Imhof Jacob Wilhelm^0^0^1696
gap1195,Inglis Giovanni^0^0^1706
gap1196,Intieri Bartolomeo^0^0^1704
gap1197,I Promotori del Processo di Canonizzazione della Beata Giuliana Falconieri^0^0^1700
gap1198,Ivani Silvestro^0^0^1678
gap1199,Ivanovich Cristoforo^0^0^1682
gap1201,Jacovacci Niccol•^0^0^1701
gap1202,Jacques de S. Joseph^0^0^1694
gap1203,Jameson John Paul^0^0^1685
gap1205,Janson Gilles^0^0^1688
gap1206,Job Christian^0^0^1684
gap1207,Jounellus P[etrus?] R.^0^0^1709
gap1208,Karlstrom Swen^0^0^1676
gap1212,Kolb Johann Daniel^0^0^1698
gap1213,Konig Emanuel^0^0^1688
gap1215,Korber Jo[achim] Lodovicus^0^0^1686
gap1216,Kreaytter Lorenzo^0^0^1692
gap1217,Kress Christoph Michael^0^0^1694
gap1221,Kunter Michael^0^0^1694
gap1223,K•nig Georg Matthias^0^0^1695
gap1224,L[...]^0^0^1686
gap1225,La Costa Giulio^0^0^1677
gap1226,Laderchi Fabrizio^0^0^1670
gap1227,Laderchi Giacomo^0^0^1704
gap1228,Ladislao;lettore^0^0^1687
gap1229,La Fontaine Abraham de^0^0^1676
gap1231,Lamberti Alessio^0^0^1675
gap1232,Lamberti G.^0^0^1678
gap1233,Lanci Antonio^0^0^1664
gap1234,Lancisi Giovanni Maria^0^0^1710
gap1235,Landi Angelo Maria^0^0^1693
gap1236,Landi Camillo^0^0^1703
gap1237,Landi Giovanni Maria^0^0^1676
gap1238,Lanfranchi Guglielmo^0^0^1705
gap1240,Langenmantel Hieronymus Ambrosius^0^0^1687
gap1241,Lankisch Giovanni Giorgio^0^0^1705
gap1243,Lanzani Nicola^0^0^1703
gap1244,Lanzoni Giuseppe^0^0^1692
gap1245,Lapi Carlo^0^0^1671
gap1246,Lapi Jacopo^0^0^1680
gap1247,Laporte Francois^0^0^1702
gap1249,La Salle Ferdinand de^0^0^1693
gap1250,Lascaris G.^0^0^1706
gap1251,Lastesi Bernardo^0^0^1708
gap1252,Latini Cosimo^0^0^1698
gap1253,Laurenti Lodovico^0^0^1685
gap1254,Laurini Girolamo de'^0^0^1698
gap1255,Lavagna Giovanni Giacomo^0^0^1673
gap1257,Ledgerd John^0^0^1679
gap1259,Legati Lorenzo^0^0^1673
gap1260,Lehmann Peter Ambrosius^0^0^1708
gap1262,Lemene Francesco^0^0^1695
gap1265,Lena Francesco^0^0^1692
gap1266,Leneo Pietro^0^0^1662
gap1267,Lenorkie^0^0^1692
gap1268,Lenz Christoph Albert de^0^0^1689
gap1269,Leonardi Donato Antonio^0^0^1693
gap1270,Leonardo di Capua^0^0^1684
gap1271,Leoncini Giovanni Battista^0^0^1663
gap1272,Leoni (?) [...] C.^0^0^1704
gap1273,Leoni Giuseppe^0^0^1693
gap1275,Leslie William^0^0^1687
gap1277,Leyser [Johannes?]^0^0^1691
gap1278,Libanori Antonio^0^0^1676
gap1280,Lioni Giovanni Domenico^0^0^1666
gap1281,Lioni Michele^0^0^1671
gap1282,Lippi Jacopo^0^0^1668
gap1283,Lipst•rp Gustav Daniel^0^0^1688
gap1284,Lisi Anna Maria^0^0^1696
gap1285,Livi Francesco^0^0^1686
gap1286,Lizzoli Antonio^0^0^1695
gap1287,Lodovici (?) Girolamo^0^0^1684
gap1288,Lodovico di Napoli^0^0^1680
gap1289,Loelius Johann Laurent^0^0^1696
gap1290,Lolli Giovan Francesco^0^0^1688
gap1291,Lombardotti Gaetano^0^0^1703
gap1292,Londogno Nicola Garzia de^0^0^1696
gap1293,Longhi Giuseppe^0^0^1693
gap1294,Lorenzini Giulio Benedetto^0^0^1699
gap1295,Lorenzini Stefano^0^0^1679
gap1296,Lorenzo da S. Francesca^0^0^1692
gap1297,Lorenzo di S. Giovanni^0^0^1697
gap1298,Lorenzo di S. Michele^0^0^1674
gap1300,Lorini Tommaso Maria^0^0^1695
gap1301,Lotti Francesco^0^0^1676
gap1302,Lubin Augustin^0^0^1688
gap1303,Luca di S. Diego^0^0^1682
gap1304,Luca da Firenze^0^0^1692
gap1306,Lucchesini Cesare^0^0^1699
gap1307,Lucchesini Gian Lorenzo^0^0^1696
gap1308,Lucchesini Giovanni Vincenzo^0^0^1697
gap1309,Lucchesini Giulio^0^0^1700
gap1310,Lucchesini Niccol•^0^0^1697
gap1311,Lucchini Giovanni Maria^0^0^1711
gap1312,Lucenti Giulio^0^0^1701
gap1313,Lucio Espinosa Felix de^0^0^1689
gap1314,Luder Justus^0^0^1687
gap1316,Lugadoro Alberto^0^0^1686
gap1317,Luganini Paolo Antonio^0^0^1688
gap1318,Lumi Antonio^0^0^1663
gap1319,Lunago Giovanni Domenico^0^0^1697
gap1320,Lupi Giovanni^0^0^1681
gap1322,Lusignani Maria Elena^0^0^1698
gap1323,L•ffelholz Hans Jacob^0^0^1683
gap1324,M.G.B.C.^0^0^1695
gap1325,M[...] Giuseppe^0^0^1711
gap1328,Macchetti Teofilo^0^0^1692
gap1329,Macchioni Bartolomeo^0^0^1689
gap1333,Macedo Francesco^1596^1681^0
gap1334,Macedo de Carvalho Francesco^0^0^1691
gap1335,Madii Pier Francesco^0^0^1671
gap1336,Madino Francesco^0^0^1695
gap1337,Maestro de' Novizi degli Angeli^0^0^1687
gap1338,Maffei Gherardo^0^0^1713
gap1340,Maffei Paolo Alessandro^0^0^1682
gap1341,Maffei Raffaello^0^0^1700
gap1344,Magenis Giovanni^0^0^1693
gap1345,Maggi Giovanni Battista^0^0^1689
gap1346,Maggio Pier Matteo^0^0^1687
gap1347,Magi Giovanni Domenico^0^0^1700
gap1348,Magi Virginio^0^0^1675
gap1349,Magliabechi Antonio (omonimo)^0^0^1664
gap1350,Magliabechi Jacopo^0^0^1667
gap1351,Magnani Bernardo^0^0^1683
gap1352,Magnani Carlo Felice^0^0^1701
gap1353,Magnavacca Giuseppe^0^0^1689
gap1354,Magnavini Giovanni Battista^0^0^1686
gap1355,Magni Carlo^0^0^1678
gap1356,Magni Cornelio^0^0^1692
gap1357,Magni Luigi^0^0^1669
gap1358,Magnolfi Lorenzo^0^0^1697
gap1360,Mai Alberto^0^0^1698
gap1361,Maier Marco^0^0^1685
gap1362,Malaspina Alderano^0^0^1698
gap1363,Malaspina Cesare Maria^0^0^1669
gap1364,Malaspina Corrado^0^0^1667
gap1365,Malaspina Francesco Antonio^0^0^1689
gap1366,Malaspina Obizo^0^0^1711
gap1367,Malatesta Garuffi Giuseppe^0^0^1689
gap1368,Malaval Francisco^0^0^1693
gap1370,Malegonnelle Francesco^0^0^1677
gap1372,Malvasia Carlo Cesare^0^0^1688
gap1373,Malvezzi Lucio^0^0^1681
gap1374,Malvezzi Ottavio^0^0^1675
gap1375,Manara Idelfonso^0^0^1692
gap1376,Manari Antonio^0^0^1690
gap1377,Mancini Carlo^0^0^1699
gap1378,Mancini Niccol•^0^0^1701
gap1379,Mancini Teresa Felice^0^0^1686
gap1381,Mandrisio Niccol•^0^0^1707
gap1382,Manetto dell'Antella^0^0^1686
gap1383,Manfredi Antonio Maria^0^0^1696
gap1384,Manfredi Eustachio^0^0^1707
gap1385,Manfredi Girolamo^0^0^1707
gap1386,Manghi Ippolito^0^0^1707
gap1387,Mannucci Alessandro^0^0^1667
gap1388,Mannucci Anton Francesco^0^0^1689
gap1389,Mannucci Giuseppe^0^0^1692
gap1390,Manolessi Evangelista^0^0^1682
gap1392,Mansi^0^0^1707
gap1393,Mansi Filippo^0^0^1706
gap1394,Manuelli Ferdinando^0^0^1681
gap1395,Manzani Pietro Paolo^0^0^1693
gap1396,Manzini Carlo Antonio^0^0^1671
gap1397,Marano Andrea^0^0^1701
gap1398,Maranti Giuseppe^0^0^1691
gap1399,Marchesini Camillo^0^0^1694
gap1400,Marchetti Alessandro^1633^1714^0
gap1401,Marchetti Angiolo^0^0^1702
gap1402,Marchetti Annibale^0^0^1694
gap1403,Marchetti Ranieri^0^0^1709
gap1404,Marchini Giovanni^0^0^1689
gap1405,Marchtaler Bortolo^0^0^1676
gap1406,Marcucci Anton Francesco^0^0^1705
gap1407,Marghieri Lorenzo^0^0^1687
gap1408,Mariani Angelo Girolamo^0^0^1689
gap1409,Mariani Paolo^0^0^1682
gap1410,Mariconda Alfonso^0^0^1702
gap1411,Mari Giovanni Battista^0^0^1661
gap1412,Mari Leopoldo^0^0^1699
gap1413,Marini Girolamo^0^0^1697
gap1414,Marioni Giovanni^0^0^1685
gap1415,Mariscotti Ercole^0^0^1670
gap1416,Marmi Anton Francesco^0^0^1699
gap1417,Marmi Giacinto^0^0^1676
gap1418,Marracci Lodovico^0^0^1685
gap1420,Marsigli Luigi Ferdinando^0^0^1682
gap1421,Marsili Anton Felice^0^0^1698
gap1422,Marsinelli Felice^0^0^1688
gap1423,Martelli Filippo^0^0^1685
gap1424,Martelli Giovanni Vincenzo^0^0^1676
gap1425,Martelli Lorenzo^0^0^1673
gap1427,Martelli Pier Jacopo^0^0^1701
gap1428,Martelli Severo^0^0^1684
gap1429,Martini Giovanni^0^0^1667
gap1431,Martini Pietro^0^0^1661
gap1433,Marucelli Francesco^0^0^1671
gap1434,Marzari Sebastiano^0^0^1686
gap1435,Marzati Benedetto^0^0^1701
gap1436,Marzi Medici Pier Francesco^0^0^1675
gap1437,Mascis Antonio^0^0^1678
gap1438,Massa Antonio del^0^0^1688
gap1439,Massa Giovanni Domenico^0^0^1675
gap1440,Masse Luigi^0^0^1697
gap1441,Massii Anton Francesco^0^0^1694
gap1442,Massouli‚ Antonin^0^0^1700
gap1443,Mastripieri Giuseppe^0^0^1702
gap1444,Mattioli Ercole^0^0^1693
gap1445,Maurelli Gregorio^0^0^1676
gap1446,Mayer Francesco^0^0^1686
gap1447,Mazza Carlo Angelo;S. Croce^0^0^1696
gap1448,Mazza Giovanni^0^0^1673
gap1449,Mazza Pio^0^0^1674
gap1450,Mazzarosa Pier Filippo^0^0^1696
gap1451,Mazza Tommaso^0^0^1678
gap1453,Mazzinghi Laura Vittoria^0^0^1673
gap1455,Meder Asarelam^0^0^1685
gap1456,Meelfuhrerus Johannes Samuel^0^0^1699
gap1461,Meier Ghebard^0^0^1676
gap1462,Mei Giovanni Battista^0^0^1665
gap1463,Melani Alessandro]^0^0^1691
gap1464,Melchior a Briga^0^0^1712
gap1465,Melli Marcantonio^0^0^1691
gap1466,Meloni Girolamo^0^0^1698
gap1471,Mencke Otto^0^0^1693
gap1472,Menestrier [Charles Francois]^0^0^1682
gap1473,Mengarelli Giovanni Battista^0^0^1683
gap1474,Mengoli Pietro^0^0^1676
gap1475,Merati Gaetano Maria^0^0^1699
gap1477,Mercei Antonio^0^0^1695
gap1480,Mercei Giovanni Luigi^0^0^1687
gap1482,Merighi Romano^0^0^1688
gap1483,Merlatti Francesco Antonio^0^0^1698
gap1484,Merlini Pier Francesco^0^0^1697
gap1485,Mescoli Tommaso^0^0^1679
gap1486,Messeri Ridolfo?^0^0^1710
gap1487,Meyer Nicolaus^0^0^1676
gap1490,Mezzabarba Birago Francesco Maria^0^0^1699
gap1491,Mezzabarba Birago Giovanni Antonio^0^0^1700
gap1492,Mf.zzafat.cf. Giovanni Antonio^0^0^1693
gap1493,Miccioni Ottavio^0^0^1701
gap1495,Michel Angelo;francescano^0^0^1693
gap1496,Michelangelo da Firenze^0^0^1689
gap1498,Michelangelo di Candia^0^0^1681
gap1499,Michelozzi Francesco Maria Antonio^0^0^1678
gap1500,Migliorucci Lazzaro Benedetto^0^0^1696
gap1501,Migliorucci Lorenzo Benedetto^0^0^1694
gap1502,Mignanelli Giacomo^0^0^1689
gap1503,Miles Giovan Pietro^0^0^1674
gap1504,Milleran [Ren‚]^0^0^1695
gap1505,Millini Pietro^0^0^1693
gap1507,Minacci Pier Francesco^0^0^1675
gap1508,Minoia Giovanni^0^0^1680
gap1509,Minorelli Tommaso Maria^0^0^1703
gap1510,Minozzi Marcantonio^0^0^1675
gap1511,Minozzi Pier Francesco^0^0^1669
gap1512,Minucci Paolo^0^0^1671
gap1514,Mirri Francesco Maria^0^0^1672
gap1515,Mistichelli Domenico^0^0^1709
gap1516,Mitelli Giovanni^0^0^1672
gap1517,Modesti Giuseppe Maria^0^0^1698
gap1518,Moeller Georg Christoph^0^0^1692
gap1519,Moilives Cornelius^0^0^1685
gap1520,Moilives Giacomo^0^0^1662
gap1521,Monaci Giovanni Battista^0^0^1678
gap1522,Monaldi Giuseppe^0^0^1700
gap1523,Monanni Agostino^0^0^1702
gap1524,Monari Giulio Cesare^0^0^1706
gap1525,Moncetti Giacinto^0^0^1698
gap1526,Moneglia Giovanni Andrea^1625^1700^0
gap1527,Moneti Francesco^0^0^1692
gap1528,Monforte Antonio^0^0^1682
gap1529,Mongitore Antonino^0^0^1706
gap1530,Mongi• Onofrio^0^0^1692
gap1531,Montalti Iuventio^0^0^1692
gap1532,Montanari Geminiano^0^0^1680
gap1533,Montauti Anton Francesco^0^0^1676
gap1534,Montemellini Niccol•^0^0^1695
gap1536,Monti Paolo^0^0^1705
gap1537,Montucci Giuseppe^0^0^1682
gap1538,Morandi Giovanni Maria^0^0^1702
gap1539,Morci Antonio^0^0^1698
gap1540,Moretti Gaetano^0^0^1695
gap1541,Morgagni Giambattista^0^0^1707
gap1542,Mormorai Elisabetta^0^0^1697
gap1543,Mornini Giuseppe Arnaldo^0^0^1700
gap1544,Moro Giovanni Battista^0^0^1686
gap1545,Morone Giovanni Battista^0^0^1676
gap1546,Moroni Stampa Pontiano^0^0^1698
gap1547,Morosini Angelo^0^0^1683
gap1548,Morosini Antonio^0^0^1700
gap1549,Morosini Fortunato^0^0^1695
gap1550,Morosini Giovanni Francesco^0^0^1698
gap1552,Mosca Giulio e fratelli^0^0^1708
gap1553,Moscheni Carlo^0^0^1675
gap1554,Mossi Francesco^0^0^1677
gap1555,Moz Frambotti Chiara^0^0^1703
gap1556,Muccioli Giovanni Francesco^0^0^1703
gap1557,Müller Andreas^0^0^1686
gap1559,Muscettola Antonio^0^0^1675
gap1560,Muscettola Casimiro^0^0^1702
gap1561,Muzzi Ottavio^0^0^1685
gap1562,N. N.^0^0^1685
gap1563,Nairone Fausto^0^0^1682
gap1564,Naldini Francesco Maria^0^0^1677
gap1565,Naldini Paolo^0^0^1673
gap1566,Nardi Carlo^0^0^1708
gap1567,Nardi Francesco Maria^0^0^1707
gap1568,Nardi Salvatore Francesco^0^0^1696
gap1569,Nati Alessandro^0^0^1670
gap1570,Natucci Natuccio^0^0^1695
gap1571,Navesi Niccol•^0^0^1676
gap1572,Negri Bianco^0^0^1675
gap1573,Negri Francesco^0^0^1684
gap1575,Negri Salomon^0^0^1709
gap1577,Nelson Robert^0^0^1706
gap1578,Nencini Giuliano^0^0^1686
gap1579,Neri Altoviti Filippo^0^0^1666
gap1581,Neri Giovanni Battista^0^0^1687
gap1582,Neri Ippolito^0^0^1697
gap1583,Nerli Ferdinando^0^0^1668
gap1584,Nessel Daniel^0^0^1690
gap1585,Nevie Vincenzo^0^0^1711
gap1586,Nevolini Francesco^0^0^1664
gap1588,Neylan Giovanni^0^0^1696
gap1590,Niccolai Giuseppe^0^0^1702
gap1591,Niccolini^0^0^1668
gap1592,Niccol•^0^0^1677
gap1593,Nicodemo Francesco^0^0^1685
gap1594,Nigrisoli Francesco Maria^0^0^1705
gap1595,Ninci Antonio^0^0^1686
gap1596,Noccoli (?) [...]^0^0^1668
gap1597,Nomeralla Teodoro^0^0^1690
gap1598,Nomi Alessandro^0^0^1704
gap1599,Nomi Federico^0^0^1692
gap1600,Norcia Andrea Domenico^0^0^1709
gap1603,Noyelle Charles de^0^0^1684
gap1604,Nugenti Andrea^0^0^1676
gap1605,Nurra Giovanni Paolo^0^0^1707
gap1608,Ochsenstein Philip Jacob Oswald di^0^0^1687
gap1609,Odescalchi Giovan Pietro^0^0^1690
gap1610,Odhelius Olaus^0^0^1686
gap1612,Oldenburger Filippo Andrea^0^0^1677
gap1613,Oldoini Agostino^0^0^1681
gap1614,Olearius Gottfried^0^0^1707
gap1615,Oliva Bernardo^0^0^1705
gap1617,Olivier^0^0^1688
gap1618,Onesti Giovanni Gualberto^0^0^1689
gap1619,Onofri Crescenzio^0^0^1706
gap1620,Onorio del SS. Sacramento^0^0^1676
gap1621,Onorio di S. Domenico^0^0^1686
gap1622,Orelli Giorgio^0^0^1688
gap1624,Orlandi Anton Francesco Maria^0^0^1679
gap1625,Orlandi Francesco^0^0^1689
gap1626,Orlandi Orlando^0^0^1689
gap1627,Orsacchi Pier Lorenzo^0^0^1686
gap1630,Orsucci Federigo^0^0^1680
gap1631,Orsucci Giovanni Antonio^0^0^1702
gap1632,Ottaviano^0^0^1689
gap1633,Ott Jean Baptiste^0^0^1695
gap1634,Ott Jean Rudolph^0^0^1692
gap1635,Ottoboni Antonio^0^0^1676
gap1636,Ottoboni Pietro^0^0^1684
gap1637,Overbeke M. F. van^0^0^1662
gap1638,Pacchioni Antonio^0^0^1706
gap1639,Pacini Antonio^0^0^1675
gap1640,Pacini Luigi^0^0^1699
gap1641,Pacioni Giuliano^0^0^1700
gap1642,Pacioni Vincenzo^0^0^1691
gap1643,Pagani Francesco Maria^0^0^1682
gap1644,Paganini Giovanni^0^0^1686
gap1646,Paioli Anselmo^0^0^1684
gap1647,Palazzi Giovanni^0^0^1676
gap1648,Pallavicino Agostino^0^0^1695
gap1649,Pallavicino Cesare^0^0^1679
gap1650,Pallavicino Gerolamo Tobia^0^0^1681
gap1651,Palma Giovanni Battista^0^0^1692
gap1652,Palmieri Cristoforo^0^0^1689
gap1653,Pampaloni Pietro^0^0^1665
gap1654,Panciatichi Angela Teresa^0^0^1684
gap1655,Panciatichi Caterina Angelica^0^0^1666
gap1657,Pandolfini Niccol•^0^0^1671
gap1658,Panfili Benedetto^0^0^1705
gap1659,Panichi Daniele^0^0^1692
gap1660,Pannini Giuseppe Maria^0^0^1676
gap1661,Paoletti Giuseppe^0^0^1695
gap1662,Paolini Massimi Petronilla^0^0^1701
gap1663,Paolo Giuseppe^0^0^1685
gap1665,Papi Pietro Angelo^0^0^1706
gap1667,Paragallo Gaspare^0^0^1694
gap1668,Parasacchi Cesare^0^0^1680
gap1669,Paravicini Baldassarre^0^0^1683
gap1670,Parduccini Carlo Giuseppe^0^0^1682
gap1671,Parella Carlo Antonio^0^0^1699
gap1672,Parigi Giovanni Battista^0^0^1684
gap1673,Parisotti Girolamo Antonio^0^0^1707
gap1674,Parissi Ottaviano^0^0^1695
gap1675,Partivalle Bartolomeo^0^0^1667
gap1676,Pascoli Alessandro^0^0^1702
gap1677,Pasolini Casimiro Pasolino^0^0^1700
gap1678,Pasolini Serafino^0^0^1691
gap1680,Passionei Guido^0^0^1707
gap1681,Pastorini Giovanni Battista^0^0^1697
gap1683,Pastreni Michele^0^0^1677
gap1684,Pastrizio Giovanni^0^0^1700
gap1685,Patarol Lorenzo^0^0^1703
gap1689,Patrizio di S. Chiara^0^0^1689
gap1690,Paulucci Antonio^0^0^1674
gap1691,Pazzagli Francesco Maria^0^0^1676
gap1693,Pecori Francesco Maria^0^0^1708
gap1694,Pedemonte Giovanni Battista^0^0^1680
gap1695,Pedrusi Paolo^0^0^1699
gap1696,Pegolotti Alessandro^0^0^1706
gap1697,Pelkem J. H.^0^0^1690
gap1698,Pellegrini Bonaventura^0^0^1674
gap1699,Pellegrino da Torino^0^0^1676
gap1700,Pellisson [Paul?]^0^0^1689
gap1701,Pellot [Claude?]^0^0^1681
gap1702,Pennoni Sebastiano^0^0^1686
gap1704,Perdriau Pierre e Compagnia^0^0^1675
gap1705,Peretolani Agostino^0^0^1692
gap1706,Perinelli Edmondo^0^0^1679
gap1707,Perini Antonio^0^0^1690
gap1708,Perini Francesco^0^0^1700
gap1709,Perini Giulio^0^0^1692
gap1710,Perini Giuseppe Amedeo^0^0^1706
gap1712,Perotti Salvatore^0^0^1691
gap1713,Pesenti Bartolomeo^0^0^1698
gap1714,Pesshall Joachim^0^0^1681
gap1715,Petracci Tiberio^0^0^1673
gap1716,Petrignani Ottaviano^0^0^1707
gap1717,Pettinini Ranieri^0^0^1704
gap1718,Pettorali Giovanni^0^0^1669
gap1719,Pezzana Niccol•^0^0^1668
gap1720,Pfeiffer Johann Philip^0^0^1695
gap1721,Pfinfing Johann Sigmund^0^0^1689
gap1722,Pfluyk Georg Karl^0^0^1702
gap1723,Phelipeaux J[ean]^0^0^1696
gap1724,Pianellini Luca^0^0^1683
gap1725,Pianetti Giuseppe^0^0^1689
gap1726,Pichi Luigi^0^0^1676
gap1727,Pier Filippo da Urbino^0^0^1690
gap1728,Pier Francesco di Montecalvoli^0^0^1679
gap1729,Piero Giovanni^0^0^1665
gap1730,Pierotti Alemanno^0^0^1691
gap1731,Pierotti Alessandro Filippo^0^0^1684
gap1732,Pierotti Bernardino^0^0^1692
gap1733,Pierpaoli Guid'Ubaldo^0^0^1699
gap1734,Pierre de S. Louis^0^0^1686
gap1735,Pietro Paolo da Firenze^0^0^1686
gap1736,Pietro Paolo di Ravenna^0^0^1688
gap1737,Pignattelli Marcello^0^0^1686
gap1738,Pignattelli Stefano^0^0^1681
gap1739,Pignazza Pietro^0^0^1696
gap1740,Pilo Francesco^0^0^1684
gap1741,Pindechel Christoph Daniel^0^0^1671
gap1742,Pindemonte Giovanni^0^0^1676
gap1743,Pini Alessandro^0^0^1683
gap1744,Pinto Fabrizio^0^0^1695
gap1745,Piola Giuseppe Maria^0^0^1705
gap1746,Pisani Baldassarre^0^0^1689
gap1747,Pi s copia Cornaro Giovanni Battista^0^0^1687
gap1748,Piselli Giuseppe^0^0^1688
gap1749,Piselli Porzio^0^0^1690
gap1750,PissARRi^0^0^1683
gap1751,Pissini Andrea^0^0^1677
gap1752,Pitillas y Huesca Andreas^0^0^1678
gap1754,Planteonius Andreas^0^0^1687
gap1755,Platina Giovanni Maria^0^0^1704
gap1756,Poderetti Giovanni Carlo Amerigo^0^0^1683
gap1757,Poderetti Giovanni Maria^0^0^1683
gap1758,Poelaert Jean^0^0^1690
gap1759,Poggesi Angelo^0^0^1700
gap1760,Poggi Agostino^0^0^1682
gap1761,Pois (?) Giovanni Francesco^0^0^1703
gap1762,Polidori Pietro Donato^0^0^1708
gap1763,Pollioni Alessandro^0^0^1703
gap1764,Poltri Domenico^0^0^1689
gap1766,Poltri Placido^0^0^1690
gap1767,Ponticelli Pietro Paolo^0^0^1689
gap1768,Porrini Alberto^0^0^1675
gap1769,Porter Francesco^0^0^1689
gap1770,Porter• Antonio^0^0^1690
gap1771,Porzio Luca Antonio^0^0^1704
gap1772,Postel Christian Heinrich^0^0^1700
gap1774,Pregitzer Johann Ulrich^0^0^1687
gap1775,Prie Cosimo^0^0^1669
gap1776,Prospero da Bologna^0^0^1678
gap1777,Provenzali Virginio^0^0^1695
gap1778,Pucci Lorenzo^0^0^1664
gap1779,Puccinelli Placido^0^0^1677
gap1780,Puccini Francesco^0^0^1680
gap1781,Puccini Tommaso^0^0^1698
gap1782,Pucci Roberto^0^0^1681
gap1783,Pucci Serafino^0^0^1696
gap1784,Puglia Baldassarre^0^0^1705
gap1785,Pugliesi Pier Tommaso^0^0^1694
gap1786,Pusterla Andrea^0^0^1690
gap1787,Pusterla Domenico^0^0^1677
gap1788,Quaratesi Benedetto^0^0^1683
gap1789,Querini Angelo Maria^0^0^1709
gap1792,Quilici Giuseppe Maria^0^0^1689
gap1793,Quinto Carlo Giuseppe^0^0^1693
gap1794,R[...] Riccardo^0^0^1663
gap1795,Rabeni Raffaello^0^0^1710
gap1796,Raffaelli Raffaello^0^0^1683
gap1797,Raffaello dell'Assunta^0^0^1693
gap1798,Raggioli Pasquale^0^0^1678
gap1799,Raillard Giacomo^0^0^1680
gap1800,Raineri Andrea^0^0^1698
gap1801,Raineri Carlo^0^0^1693
gap1802,Ramazzini Bartolomeo^0^0^1703
gap1803,Ramazzini Bernardino^1633^1714^0
gap1804,Randini Agostino^0^0^1707
gap1805,Ranuzzi Cospi Ferdinando Vincenzo^0^0^1706
gap1807,Raphael Provencal^0^0^1687
gap1808,Rassinesi Angiolo^0^0^1698
gap1809,Rassinesi Benedetto^0^0^1702
gap1810,Rautenfels Jacob^0^0^1676
gap1811,Raveched [Hyacinthe]^0^0^1694
gap1812,Ravignani Giovanni Battista^0^0^1692
gap1813,Ravotto Giovanni^0^0^1704
gap1814,Rederii Niccol• Sigismondo de'^0^0^1697
gap1815,Redi Francesco^1626^1697^0
gap1816,Regali Matteo^0^0^1689
gap1817,Reggiani Giuseppe Nicola^0^0^1683
gap1819,Reghini Giacomo Antonio^0^0^1706
gap1820,Regnier Desmarais Francois Sera-phin^0^0^1690
gap1821,Regolo di S. Silverio Sigismondo^0^0^1673
gap1822,Rehling Caius^0^0^1692
gap1823,Reiser Anton^0^0^1679
gap1824,Reitani Spata Mario^0^0^1699
gap1827,Rendtorff Johannes^0^0^1691
gap1828,Renzi^0^0^1709
gap1829,Renzi Eustachio^0^0^1669
gap1830,Renzoli Bernardino^0^0^1673
gap1831,Renzoni Vincenzo^0^0^1706
gap1832,Restaurano^0^0^1678
gap1833,Retenbeck Johan Georg^0^0^1677
gap1834,Reyer Samuel^0^0^1689
gap1835,Ricardi Giuseppe^0^0^1690
gap1836,Riccardi Francesco^0^0^1710
gap1837,Ricci . Pier Francesco de'^0^0^1677
gap1838,Ricciardi Giovanni Battista^1623^1686^0
gap1839,Ricci Bartolomeo^0^0^1688
gap1840,Ricci Bonaventura^0^0^1702
gap1841,Ricci Carlo^0^0^1691
gap1842,Ricci Giacomo^0^0^1689
gap1843,"Ricci Giovanni Battista, frate^0^0^1696"
gap1844,Ricci Ippolito^0^0^1676
gap1845,Ricci Michelangelo^0^0^1673
gap1846,Ricci Pier Leonardo^0^0^1711
gap1847,Ricci Stefano^0^0^1674
gap1848,Ricci Vincenzo de'^0^0^1696
gap1849,Riccotti Pasquale^0^0^1665
gap1850,Richter Georg Christoph^0^0^1690
gap1851,Richter Gustav Maximilian^0^0^1681
gap1852,Ridi Domenico^0^0^1661
gap1853,Rigord Jean Pierre^0^0^1689
gap1854,Rilli Jacopo^0^0^1699
gap1855,Rinaldi Antonio^0^0^1710
gap1856,Rinaldi Ascanio^0^0^1682
gap1857,Rinaldini Carlo^0^0^1670
gap1858,Rinalducci Lattanzio^0^0^1684
gap1859,Rinuccini Francesco^0^0^1676
gap1860,Ristori Luigi^0^0^1682
gap1861,Riverola Lorenzo^0^0^1681
gap1862,Rivetta Michelangelo^0^0^1676
gap1863,Roberti Gaudenzio^0^0^1689
gap1864,Rocca Bonaventura^0^0^1693
gap1865,Roncalli Cosimo^0^0^1696
gap1866,Roncalli Pietro^0^0^1686
gap1867,Ronconi Francesco^0^0^1686
gap1868,Rondelli Geminiano^0^0^1690
gap1869,Rondinelli Arrigo^0^0^1704
gap1870,Rondinelli Francesco Maria^0^0^1702
gap1871,Rondinini Filippo^0^0^1706
gap1872,Rontini Giovanni Battista^0^0^1662
gap1873,Rosa Pier Luigi^0^0^1687
gap1874,Rosenkranz Giovanni^0^0^1661
gap1875,Rosini Pier Antonio^0^0^1680
gap1876,Rossetti Donato^0^0^1672
gap1878,Rossi Andrea^0^0^1693
gap1879,Rossi Carlo^0^0^1699
gap1880,Rossi Francesco Aurelio^0^0^1673
gap1882,Rossi Giuseppe Ignazio^0^0^1701
gap1883,Rossi Marcellino^0^0^1708
gap1884,Rossi Pier Antonio^0^0^1683
gap1885,Rossi Prospero Antonio^0^0^1683
gap1886,Rossiruoti Antonino^0^0^1690
gap1888,Rota Filippo^0^0^1682
gap1889,Rota Giovanni Francesco^0^0^1676
gap1890,Rotenaud A. L. de^0^0^1658
gap1892,Roti Maria Maddalena^0^0^1677
gap1893,Rotoli Bartolomeo^0^0^1658
gap1894,Rougeterre Charles Alexander de^0^0^1708
gap1895,Rubini Niccol•^0^0^1681
gap1896,Rucellai Orazio^0^0^1664
gap1897,Ruepprecht Hans^0^0^1692
gap1898,Ruggieri Tommaso^0^0^1675
gap1900,Ruini Germano^0^0^1702
gap1901,Ruini Tommaso^0^0^1706
gap1902,Ruiysch Conrad^0^0^1679
gap1904,Ruota Giovanni Battista^0^0^1697
gap1905,Rustica Giovanni^0^0^1685
gap1906,S. Lorenzo;il predicatore di^0^0^1703
gap1907,S.M.M.d.^0^0^1677
gap1908,Sabatini Giuseppe^0^0^1683
gap1909,Sabatini Luigi^0^0^1691
gap1910,Sab‚ Giovanni^0^0^1678
gap1911,Saccolini Giuseppe^0^0^1695
gap1912,Sadler Christoph^0^0^1675
gap1914,Saint Amand Jacques^0^0^1709
gap1915,Saint Amand James^0^0^1708
gap1916,Saladini Tommaso^0^0^1692
gap1917,Salerni Giovanni Battista^0^0^1704
gap1918,Salotti Giovanni^0^0^1678
gap1919,Saluthii Giovanni Natale^0^0^1675
gap1920,Salvadori Jacopo^0^0^1683
gap1921,Salvetti (?) [...]^0^0^1675
gap1922,Salvetti Pietro^0^0^1696
gap1923,Salviati Pietro Maria^0^0^1686
gap1925,Salvi Simone^0^0^1690
gap1926,Salzinger Ivo^0^0^1712
gap1927,Saminiati Amedeo^0^0^1686
gap1928,Sammartini Domenico^0^0^1684
gap1929,Samminiatelli Antonio Vincenzo^0^0^1668
gap1930,Sancassani Dionisio^0^0^1709
gap1931,Sandri Giacomo^0^0^1701
gap1932,Sandrini Domenico Maria^0^0^1707
gap1933,Sanfelice Antonio^0^0^1703
gap1934,Sangineti Domenico^0^0^1702
gap1935,Sansoni Giovanni Battista^0^0^1691
gap1936,Santagostini Tommaso^0^0^1697
gap1937,Santerelli Filippo Quintiliano^0^0^1690
gap1938,Santi Girolamo^0^0^1697
gap1939,Santini Giuseppe^0^0^1681
gap1940,Santini Jacopo Bernardino^0^0^1692
gap1941,Saracinelli Francesco^0^0^1688
gap1942,Sarchi Antonio^0^0^1664
gap1943,Sardini Giovanni Francesco^0^0^1693
gap1944,Sarnelli Pompeo^0^0^1687
gap1945,Savelli Guido Antonio^0^0^1692
gap1946,Savini Ignazio^0^0^1687
gap1947,Scapecchi Giuseppe^0^0^1711
gap1948,Scaramucci Giovanni Battista^0^0^1693
gap1949,Scarlatti Giovanni^0^0^1699
gap1951,Scheel Georg^0^0^1690
gap1952,Scheffer Ivo^0^0^1694
gap1953,Scheid Johan Valentin^0^0^1678
gap1954,Schelhass Ernst Friedmann^0^0^1678
gap1956,Schiara (?) Tommaso^0^0^1702
gap1958,Schrader Chilian^0^0^1695
gap1960,Schumann Michael^0^0^1696
gap1963,Schwede Johann^0^0^1688
gap1964,Schwede Michael^0^0^1688
gap1965,Scognamiglio Damiano^0^0^1712
gap1966,Segneri Paolo^0^0^1685
gap1967,Segni Alessandro^0^0^1670
gap1968,Semenzi Giuseppe^0^0^1688
gap1969,Semino Domenico^0^0^1677
gap1970,Serafino da Genova^0^0^1697
gap1971,Serafino di S. Casciano^0^0^1687
gap1972,Seravalli Angelo^0^0^1693
gap1973,Sergardi Lodovico^0^0^1689
gap1975,Sergrisi Francesco Maria^0^0^1662
gap1976,Sesti Ludovico^0^0^1680
gap1977,Settala Manfredo^0^0^1667
gap1978,Settimani Angelo Maria^0^0^1686
gap1979,Severoli Marcello^0^0^1699
gap1980,Sguario Gregorio^0^0^1690
gap1982,Sicurani Giuseppe^0^0^1713
gap1984,Signi Pietro^0^0^1689
gap1985,Signorini Marco Antonio^0^0^1689
gap1987,Simbeni Francesco^0^0^1659
gap1988,Simeone da S. Croce^0^0^1696
gap1989,Siminetti Averano^0^0^1677
gap1990,Simoni Antonio Maria^0^0^1682
gap1991,Sinibaldi Carlo Andrea^0^0^1687
gap1992,Sini Francesco^0^0^1675
gap1993,Sissa Mandricardo^0^0^1673
gap1995,Soggia Serra Giorgio^0^0^1683
gap1996,Solari Giuseppe Maria^0^0^1707
gap1997,Solaro Lodovico^0^0^1694
gap1998,Soldani Filippo^0^0^1669
gap1999,Solluccheri Atanasio^0^0^1698
gap2000,Sologni Placido^0^0^1677
gap2001,Sondra Giuseppe^0^0^1703
gap2002,Sorba Lorenzo^0^0^1699
gap2003,"Sorer Giovanni Battista, Eredi di^0^0^1690"
gap2004,Sorio Giuseppe^0^0^1700
gap2005,Sossi (?) Vincenzo^0^0^1693
gap2006,Spada Antonino^0^0^1696
gap2009,Sparaviero Francesco^0^0^1678
gap2010,Sparvenfeld Johann Gabriel^0^0^1692
gap2011,Speranza Alberto^0^0^1693
gap2012,Spina Lodovico della^0^0^1691
gap2013,Spinelli Antonio^0^0^1691
gap2014,Spinola Bartolomeo^0^0^1706
gap2015,Spinola Gaetano^0^0^1676
gap2016,Spitzel Gottlieb Th[eophilus]^0^0^1679
gap2018,Spoleti Francesco^0^0^1684
gap2020,Spontoni Lelio^0^0^1686
gap2021,Sproni Giacomo^0^0^1663
gap2022,Statilio Lorenzo^0^0^1687
gap2023,Staudigl Ulrich^0^0^1687
gap2024,Stecchi Domenico^0^0^1705
gap2025,Stecchi Giovanni Lorenzo^0^0^1709
gap2026,Steensen Nicolaus^1638^1686^0
gap2028,Stetten Hans de^0^0^1688
gap2029,Stramusoli Lorenzo^0^0^1699
gap2030,Stridbeck Johann^0^0^1696
gap2031,Strijcker Franz^0^0^1710
gap2032,Strinati Malatesta^0^0^1689
gap2033,Strozzi Filippo Vincenzo^0^0^1695
gap2034,Strozzi Giovanni Battista^0^0^1672
gap2035,Strozzi Guido Maria^0^0^1711
gap2036,Strozzi Luigi^0^0^1684
gap2037,Strozzi Matteo^0^0^1677
gap2038,Strozzi Pietro Alessio^0^0^1688
gap2040,Sturm Johann Christoph^0^0^1680
gap2041,Sturm Johann Heinrich^0^0^1688
gap2042,Suardo Paolo Girolamo^0^0^1695
gap2043,Suarez Ferdinando^0^0^1698
gap2044,Succi Cesare^0^0^1701
gap2046,Susini Pietro^0^0^1664
gap2047,Svetoni Agostino^0^0^1678
gap2048,T. G.^0^0^1681
gap2049,Tacca Pietro^0^0^1677
gap2050,Taff‚ Giovanni^0^0^1713
gap2051,Talanti Leone^0^0^1687
gap2052,Talducci Della Casa Giacinto^0^0^1686
gap2053,Talenti Giacinto Ventura^0^0^1689
gap2054,Talluri Domenico^0^0^1672
gap2055,Talluri Francesco^0^0^1670
gap2056,Talluri Leone^0^0^1671
gap2057,Tamburini Michel Angelo^0^0^1705
gap2058,Tancredi Romualdo^0^0^1687
gap2059,Tartaglini Domenico^0^0^1700
gap2060,Tavecchi Giovanni Battista^0^0^1689
gap2061,Tedaldi Evangelista^0^0^1682
gap2062,Tela Giovanni Battista^0^0^1680
gap2065,Terenzi Giovanni Antonio^0^0^1705
gap2067,Terrandini Girolamo^0^0^1694
gap2068,Terriesi Francesco^0^0^1687
gap2069,Terrosi Camillo^0^0^1705
gap2070,Testi Annibale Marco^0^0^1701
gap2072,Testi Pier Francesco^0^0^1687
gap2073,Thesseri Theodor^0^0^1680
gap2074,Thioly [Jean Baptiste]^0^0^1700
gap2076,Thye Abraham van^0^0^1687
gap2077,Ticciati Giovanni Filippo^0^0^1677
gap2078,Ticciati Girolamo^0^0^1710
gap2079,Tiepolo Gian Domenico^0^0^1681
gap2080,Tilli Michel Angelo^0^0^1702
gap2081,Tinassi Francesco Antonio^0^0^1697
gap2082,Tinassi Niccolò Angelo^0^0^1679
gap2086,Tolomei Francesco^0^0^1667
gap2087,Tolomei Giovanni Battista^0^0^1695
gap2088,Tomansi Leopoldo^0^0^1686
gap2089,Tondi Olimpiade^0^0^1690
gap2090,Tonelli Ippolito^0^0^1674
gap2091,Tonti Giacinto^0^0^1713
gap2092,Torciglioni Salvestro^0^0^1682
gap2093,Torelli Tito^0^0^1702
gap2094,Torm L.^0^0^1692
gap2095,Tornaquinci Belloni Carlo^0^0^1685
gap2096,Torre da Pirano Giovanni^0^0^1698
gap2097,Torri Andrea^0^0^1659
gap2098,Torti Francesco^0^0^1698
gap2099,Tortolini Stefano^0^0^1691
gap2100,Tosini Jacopo^0^0^1664
gap2101,Tournes Samuel de^0^0^1678
gap2102,Tozzi Bruno^0^0^1701
gap2103,Tozzi Giovanni^0^0^1667
gap2104,Tozzi Giovanni Gualberto^0^0^1664
gap2105,Tozzi Luca^0^0^1693
gap2106,Tozzi Pier Antonio^0^0^1696
gap2107,Trevisan Bernardo^0^0^1703
gap2108,Trigona Filippo Maria^0^0^1694
gap2110,Trinchiero Pietro Andrea^0^0^1676
gap2111,Triveri Francesco Antonio^0^0^1680
gap2112,Troiani Mauro^0^0^1710
gap2113,Trono Andrea^0^0^1698
gap2114,Trueno Giovanni^0^0^1701
gap2115,Tubbi Carlo Antonio;S. Croce^0^0^1692
gap2116,Tucher Cristoforo Guglielmo^0^0^1682
gap2118,Ugolini Giovanni Giorgio^0^0^1677
gap2119,Ulivieri Giovanni Battista^0^0^1691
gap2120,Vaccari Gioia Giuseppe Fiorenzo^0^0^1711
gap2121,Vaccari Giuseppe Antonio^0^0^1704
gap2122,Vachieri Faustino^0^0^1673
gap2123,Vaglierino Giovanni Battista^0^0^1667
gap2124,Vaira Antonio^0^0^1695
gap2125,Vai Vaio^0^0^1701
gap2126,Valbona conte di^0^0^1705
gap2127,Valenti Teodoro^0^0^1690
gap2128,Valero Pedro^0^0^1678
gap2129,Valk P.^0^0^1691
gap2133,Valsalva Anton Maria^0^0^1700
gap2134,Valvasori Domenico^0^0^1677
gap2135,Van Braam Jean^0^0^1705
gap2138,Vanni Domenico^0^0^1686
gap2139,Vanni Giovan Francesco^0^0^1687
gap2140,Vanni Lorenzo^0^0^1668
gap2141,Vannucci Antonio^0^0^1703
gap2142,Vannucci Lorenzo^0^0^1693
gap2143,Varese Ascanio^0^0^1710
gap2144,Variglione Isacco^0^0^1671
gap2145,Velschius Georgius Hieronymus^0^0^1674
gap2146,Venerosi Brandaligio^0^0^1699
gap2148,Veneto Pietro Maria^0^0^1704
gap2149,Venturi Francesco^0^0^1695
gap2150,Venturini Giusto^0^0^1705
gap2151,Venturini Leonardo^0^0^1707
gap2152,Venturini Marzio^0^0^1688
gap2153,Venturini Pietro Antonio^0^0^1701
gap2154,Verdoni Ignazio Lodovico^0^0^1692
gap2155,Verdoni Mauro^0^0^1689
gap2156,Verle Enrico^0^0^1687
gap2157,Verle Giovanni Angelo^0^0^1684
gap2158,Verle Michelangelo^0^0^1675
gap2159,Vernicci Ottavio^0^0^1688
gap2160,Vernini Giacomo^0^0^1691
gap2161,Vettori Vincenzo^0^0^1669
gap2162,Vezzoni Giacinto^0^0^1702
gap2163,Viali Felice^0^0^1678
gap2164,Viani Jean Claude^0^0^1693
gap2165,Vichmans Christian^0^0^1698
gap2167,Vicq Nicholas de^0^0^1699
gap2168,Vidussi Giuseppe Maria^0^0^1706
gap2169,Vigevi Lorenzo^0^0^1696
gap2171,Vili otti Francesco^0^0^1669
gap2172,Villalobos Joan Frixor de^0^0^1696
gap2173,Villani Filiberto^0^0^1704
gap2174,Vincenzio^0^0^1670
gap2175,Vincenzo da Firenze^0^0^1677
gap2176,Vincioli Giacinto^0^0^1710
gap2177,Violani Giovanni Battista^0^0^1670
gap2178,Virali Luigi^0^0^1695
gap2179,Vistoli Giovanni Francesco^0^0^1703
gap2180,Vitalbi Bartolomeo^0^0^1681
gap2181,Vitale Girolamo^0^0^1680
gap2182,Vitelli Clemente^0^0^1683
gap2183,Vittalini Marc'Antonio^0^0^1667
gap2184,Viviani Vincenzo^1622^1703^0
gap2185,Vogel Martin^0^0^1666
gap2187,Vulpini Giovanni Battista^0^0^1677
gap2188,Wacopeus Gilbertus^0^0^1709
gap2191,Wagner Christian^0^0^1691
gap2192,Wahl Karl Ludwig^0^0^1703
gap2193,Walchier Henricht^0^0^1710
gap2194,Walter Federico senior^0^0^1692
gap2195,Wedel Georg Wolfgang^0^0^1689
gap2196,Weigberg Friedrich di^0^0^1691
gap2197,Welsch Georg Hieronymus^0^0^1676
gap2198,Welsch Johan Christoph^0^0^1676
gap2199,Welser Karl Wilhelm^0^0^1686
gap2200,Westenholtz Melchior Luigi^0^0^1676
gap2201,Wetstein Heinrich^0^0^1680
gap2202,Wetstein Jean Rudolph^0^0^1684
gap2203,Widerhold^0^0^1678
gap2204,Widerhold Johann Hermann^0^0^1678
gap2205,Widerhold Judith^0^0^1678
gap2207,Winckel Johann van^0^0^1669
gap2209,Woelcker Georg Karl^0^0^1684
gap2210,Worm Mattheus^0^0^1664
gap2211,Worms Jehosua^0^0^1688
gap2213,Wr•me Stephan^0^0^1686
gap2214,Zaballi Domenico^0^0^1679
gap2215,Zabarella Giacomo jr.^0^0^1675
gap2217,Zabarella Scipione^0^0^1682
gap2218,Zaccagni Lorenzo^0^0^1700
gap2219,Zambeccari Giovanni Battista^0^0^1675
gap2220,Zampi Alessandro^0^0^1676
gap2221,Zanetti Nicola^0^0^1704
gap2222,Zani Luca^0^0^1667
gap2223,Zani Valerio^0^0^1678
gap2224,Zanoni Giacomo^0^0^1676
gap2225,Zanoni Pellegrino^0^0^1682
gap2226,Zanucchi Bonaventura^0^0^1682
gap2227,Zati Gaetano^0^0^1704
gap2228,Zazzerini Giulian Francesco^0^0^1679
gap2229,Zecchi Giovanni Antonio^0^0^1711
gap2230,Zefferini Sebastiano Maria^0^0^1703
gap2231,Zeiser Antonio^0^0^1679
gap2232,Zendrini Bernardino^0^0^1708
gap2233,Zeno Apostolo^0^0^1703
gap2234,Zittelli Giovanni Battista^0^0^1686
gap2235,Zittelli Vincenzo^0^0^1683
gap2236,Zlak Florestano^0^0^1709
gap2237,Zorzi Michelangelo^0^0^1708
gap2238,Zuccherini Luigi^0^0^1696
gap2239,Zucconi Ferdinando^0^0^1687
gap2243,unidentified^0^0^1701
gap2244,unidentified^0^0^1663
gap2250,Bianchi Francesco^0^0^1702
gap2251,Caravaggi Pietro Paolo jr.^0^0^1689
gap2252,Neri Francesco^0^0^1684
gap2253,Cosimo Medici^0^0^1670
gap2254,"Ricci Giovanni Battista, canonico^0^0^1696"
gap2256,Weert Wilhelm van^0^0^1669
gap2257,Bachmair Mattia^0^0^1685
gap2258,Marioni Onorato^0^0^1685
gap2259,Ternisier^0^0^1670
gap2260,Policala Georg^0^0^1709
gap2261,Bindi Francesco^0^0^1664
gap2262,Manolessi Emilio Maria^0^0^1682
gap2263,Strasberg Gottfried^0^0^1708
gap2264,Landi Giacinto^0^0^1676
gap2265,Jean Gilles^0^0^1688
gap2266,Hambloch Heinrich^0^0^1687
gap2267,Fongarini Filippo^0^0^1688
gap2268,Fongarini Carlo^0^0^1688
gap2269,Della Pace Tommaso^0^0^1677
gap2270,Auracher Tobia Osvaldo^0^0^1686
gap2271,Jean-Antoine Huguetan^0^1682^0
gap2273,Arnaud fratelli^0^0^1686
gap2274,Arnaud Lorenzo^0^0^1677
gap2275,Borde Pietro^0^0^1686
gap2276,Arnaud Pietro^0^0^1667
gap2277,Brunacci Brunaccio^0^0^1664
gap2278,La Nou Giovanni^0^0^1658
gap2279,Bonaventura inquisitore^0^0^1685
gap2280,Martini Giovanni Battista^0^0^1697
gap2281,Pecori Anton Francesco^0^0^1705
gap2282,Jean Possuel^0^0^1685
gap2283,Claude Rigaud^0^0^1685
gap2284,Francesco di Paolo Baldelli^0^0^1690
gap99928,Ignoto_99928^0^0^1682
gap99929,Ignoto_99929^0^0^1682
gap99930,Ignoto_99930^0^0^1682
gap99931,Ignoto_99931^0^0^1682
gap99932,Ignoto_99932^0^0^1682
gap99933,Ignoto_99933^0^0^1682
gap99934,Ignoto_99934^0^0^1682
gap99935,Ignoto_99935^0^0^1682
gap99936,Ignoto_99936^0^0^1682
gap99937,Ignoto_99937^0^0^1682
gap99938,Ignoto_99938^0^0^1682
gap99939,Ignoto_99939^0^0^1682
gap99940,Ignoto_99940^0^0^1682
gap99941,Ignoto_99941^0^0^1682
gap99942,Ignoto_99942^0^0^1682
gap99943,Ignoto_99943^0^0^1682
gap99944,Ignoto_99944^0^0^1682
gap99945,Ignoto_99945^0^0^1682
gap99946,Ignoto_99946^0^0^1682
gap99947,Ignoto_99947^0^0^1682
gap99948,Ignoto_99948^0^0^1682
gap99949,Ignoto_99949^0^0^1682
gap99950,Ignoto_99950^0^0^1682
gap99951,Ignoto_99951^0^0^1682
gap99952,Ignoto_99952^0^0^1682
gap99953,Ignoto_99953^0^0^1682
gap99954,Ignoto_99954^0^0^1682
gap99955,Ignoto_99955^0^0^1682
gap99956,Ignoto_99956^0^0^1682
gap99957,Ignoto_99957^0^0^1682
gap99958,Ignoto_99958^0^0^1682
gap99959,Ignoto_99959^0^0^1682
gap99960,Ignoto_99960^0^0^1682
gap99961,Ignoto_99961^0^0^1682
gap99962,Ignoto_99962^0^0^1682
gap99963,Ignoto_99963^0^0^1682
gap99964,Ignoto_99964^0^0^1682
gap99965,Ignoto_99965^0^0^1682
gap99966,Ignoto_99966^0^0^1682
gap99967,Ignoto_99967^0^0^1682
gap99968,Ignoto_99968^0^0^1682
gap99969,Ignoto_99969^0^0^1682
gap99970,Ignoto_99970^0^0^1682
gap99971,Ignoto_99971^0^0^1682
gap99972,Ignoto_99972^0^0^1682
gap99973,Ignoto_99973^0^0^1682
gap99974,Ignoto_99974^0^0^1682
gap99975,Ignoto_99975^0^0^1682
gap99976,Ignoto_99976^0^0^1682
gap99977,Ignoto_99977^0^0^1682
gap99978,Ignoto_99978^0^0^1682
gap99979,Ignoto_99979^0^0^1682
gap99980,Ignoto_99980^0^0^1682
gap99981,Ignoto_99981^0^0^1682
gap99982,Ignoto_99982^0^0^1682
gap99983,Ignoto_99983^0^0^1682
gap99984,Ignoto_99984^0^0^1682
gap99985,Ignoto_99985^0^0^1682
gap99986,Ignoto_99986^0^0^1682
gap99987,Ignoto_99987^0^0^1682
gap99988,Ignoto_99988^0^0^1682
gap99989,Ignoto_99989^0^0^1682
gap99990,Ignoto_99990^0^0^1682
gap99991,Ignoto_99991^0^0^1682
gap99992,Ignoto_99992^0^0^1682
gap99993,Ignoto_99993^0^0^1682
gap99994,Ignoto_99994^0^0^1682
gap99995,Ignoto_99995^0^0^1682
gap99996,Ignoto_99996^0^0^1682
gap99997,Ignoto_99997^0^0^1682
gap99998,Ignoto_99998^0^0^1682
gap99999,Ignoto_99999^0^0^1682
skp000303,Antonio Capponi^0^1659^0
skp001418,Abraham Cappelen^0^0^1681
skp001761,Adeodatus Nuzzi^0^0^1708
skp001918,Adriaan Reland^1676^1718^0
skp002201,Agostino Paradisi^0^0^1759
skp002413,Alexander Cunningham of Block^1654^1737^0
skp002447,Alexander Morus^1616^1670^0
skp002792,Andrea Lorenzo Cavalcanti^1610^1673^0
skp002809,Andreas Arnoldus^1646^1694^0
skp002974,Angelico Aprosius^1607^1681^0
skp003243,Ant. Pagi^0^0^1698
skp003349,Antoine Bulifon^1640^1707^0
skp003393,Antoine Galland^1646^1715^0
skp003539,Anton Maria Salvini^1653^1729^0
skp003592,Antonie van Leeuwenhoek^1632^1723^0
skp003623,Antonio Marco Magliabechi^1633^1714^0
skp003644,Antonio Vallisnieri^1661^1730^0
skp003733,Antonius de Macedo^1612^1693^0
skp003755,Apollonio Bassetti^1631^1699^0
skp004035,Athanasius Kircher^1602^1680^0
skp004230,Augustinus Coltellini^1613^1693^0
skp005091,Bernard de Montfaucon^1655^1741^0
skp005253,Biago Garofalo^1677^1762^0
skp005529,Bruno van der Dussen^1660^1741^0
skp005642,Burghius^0^0^1650
skp006683,Carlo Barberini^0^0^1696
skp006710,Carlo Roberto Dati^1619^1676^0
skp006721,Carlodi Tommaso Strozzi^0^0^1696
skp006733,Carola Catharina Patina^0^0^1689
skp006773,Carolus Crucius^0^0^1710
skp006802,Carolus Offredus^0^0^1654
skp006851,Caspar Brandt^1653^1696^0
skp006882,Caspar Sagittarius^1643^1694^0
skp007381,Charles Patin^1633^1693^0
skp007629,Christ. Schoettgenius^0^0^1710
skp007733,Christian Daum^0^0^1682
skp007948,Christianus Lupus^1611^1681^0
skp008118,Christophorus Arnoldus van Neurenberg^0^0^1666
skp008293,Claude Nicaise^1623^1701^0
skp008550,Conrad Samuel Schurtzfleisch^0^0^1683
skp008563,Conradus Janningus^1650^1723^0
skp008617,Domenico Passionei^1682^1761^0
skp009119,Cosimo Brunetti^0^1680^0
skp009121,Cosimo III de Medici^1642^1723^0
skp009720,Daniel Cosson^1648^1688^0
skp009731,Daniel Elzevier^1628^1680^0
skp009845,Daniel van Papenbroeck^1628^1714^0
skp010043,David Wilkens^0^0^1717
skp010626,Dominico Bellucius^0^0^1653
skp011377,Eduardus Holthenus^0^0^1706
skp011538,Elias Obrecht^0^0^1697
skp011706,Emanuel a Schelstrate^1645^1692^0
skp011724,Emery Bigot^1626^1689^0
skp011835,Enrico Noris^1631^1704^0
skp012062,Etienne Le Moine^1624^1689^0
skp012121,Eusebe Renaudot^1646^1720^0
skp012261,Ezechiel Spanheim^1629^1710^0
skp012673,Hendrick van Bilderbeeck^1640^1715^0
skp012986,Ferdinand del Maestro^0^0^1648
skp013048,Filippo Antonio Gualterio^1660^1728^0
skp013307,Francesco Bernardo Ferrari^1577^1669^0
skp013320,Francesco Ficoroni^1664^1747^0
skp013335,Francesco Maria Ceffini^0^0^1652
skp013342,Francesco Maria de Medici^1660^1711^0
skp014120,Frederik Rostgaard^1671^1745^0
skp014308,Friedrich Benedikt Carpzov^1649^1699^0
skp015889,Georg Abraham Mercklin^1644^1702^0
skp015901,Georg Arnold Burger^0^0^1680
skp015922,Georg Caspar Kirchmayer^0^0^1684
skp016147,Giorgio Biagio Baglivi^1668^1707^0
skp016743,Giacinto Cestoni^0^0^1716
skp016821,Gieronimo Casanate^1620^1700^0
skp016830,Gijsbert Cuper^1644^1716^0
skp016870,Gilles Ménage^1613^1692^0
skp016924,Giovanni Alfonso Borelli^1608^1679^0
skp016951,Giovanni Battista Vico^1668^1744^0
skp016959,Giovanni Cinelli Calvolli^1625^1706^0
skp016967,Giovanni Domenico Cassini^1625^1712^0
skp016982,Giovanni Giuseppe Orsi^0^0^1724
skp016998,Giovanni Paolo Oliva^1600^1681^0
skp017014,Giovanni Vincenzo Gravina^1664^1718^0
skp017089,Giulio Negri^0^0^1700
skp017150,Giuseppe Valletta^1636^1714^0
skp017222,Godofredus Henschen^1601^1681^0
skp017330,Gottfried Wilhelm Leibniz^1646^1716^0
skp017500,Gregorio Barbarigo^1625^1697^0
skp017502,Gregorio Leti^1630^1701^0
skp017529,Grimaldi^0^0^1706
skp018807,Heinrich Meibom^1655^1700^0
skp019383,Henricus Copes^1648^1708^0
skp019467,Henricus Sike^0^0^1708
skp019539,Henrik Brenkman^1681^1736^0
skp019576,Henry Dodwell^1641^1711^0
skp019725,Hermann Conring^1606^1681^0
skp020002,Hiob Ludolf^1624^1704^0
skp020060,Holger Jacobaeus^1650^1701^0
skp022802,Johann Heinrich Hottinger^1620^1667^0
skp023246,Giovan Filippo Marucelli^1628^1680^0
skp023799,Jacob Spon^1647^1685^0
skp024024,Jacobus Gronovius^1645^1716^0
skp024041,Jacobus Ignatius Krijs^1673^1724^0
skp024112,Jacobus Perizonius^1651^1715^0
skp024124,Jacobus Quetif^1618^1698^0
skp024160,Jacobus Tollius^1633^1696^0
skp025218,Jean Alphonse Turretin^1671^1737^0
skp025230,Jean Antoine Huguetan^1647^1750^0
skp025377,Jean Bertet^1622^1681^0
skp025402,Jean Chapelain^1595^1674^0
skp025534,Jean Garnier^1612^1681^0
skp025637,Jean Le Clerc^1657^1736^0
skp025678,Jean Mabillon^1632^1707^0
skp025728,Jean Paul de La Roque^0^0^1682
skp026152,Joachim Feller^1628^1691^0
skp026196,Joachim Pastorius^1611^1681^0
skp026255,Joan Willemsz. Blaeu I^1596^1673^0
skp026465,Joannes Kool^1672^1712^0
skp026524,Joannes Petrus d'Apples^1656^1733^0
skp026706,Giovanni Giustino Antonio Ciampini^1633^1698^0
skp026821,Johannes Vignoli^1667^1733^0
skp027249,Johan de Witt^1662^1701^0
skp027356,Johann Albert Fabricius^1668^1736^0
skp027439,Johann Burkhard Mencke^1674^1732^0
skp027530,Johann Christoph Wagenseil^1633^1705^0
skp027546,Johann Conrad Schwartz^1677^1747^0
skp027764,Johann Georg Volckamer^1616^1693^0
skp028069,Johann Maurice Hoffmann^1653^1727^0
skp028586,Johannes Georgius Graevius^1632^1703^0
skp028639,Johannes Harduin^1646^1729^0
skp028697,Johannes Hevelius^1611^1687^0
skp029986,Justus Fontaninus^1666^1736^0
skp031486,Laurentius Theodorus Gronovius^1648^1724^0
skp031684,Leone Allacci^1586^1669^0
skp031747,Leopoldo de Medici^1617^1675^0
skp031889,Lodovico Antonio Muratori^1672^1750^0
skp031940,Lorenzo Magalotti^1637^1712^0
skp031942,Lorenzo Panciatichi^1635^1676^0
skp032222,Louis Thomassin de Mazaugues^1647^1712^0
skp032381,Lucas Holstein^1596^1661^0
skp032392,Lucas Schroeck^1646^1730^0
skp032432,Ludolf Küster^1670^1716^0
skp033462,Marcello Malpighi^1628^1694^0
skp033473,Marco Rossetti^0^0^1760
skp034153,Mathias de Roy^0^0^1719
skp034833,Vincente Minutoli^1640^1710^0
skp035864,Nicolaas Heinsius^1620^1681^0
skp036048,Nicolas Toinard^1628^1707^0
skp036144,Nicolaus Xaverius Valletta^1687^1717^0
skp036430,Ottavio Ferrari^1607^1682^0
skp036433,Ottavio Piero Falconieri^1636^1675^0
skp036686,Prospero Mandosio^1650^1709^0
skp037274,Paolo Boccone^1633^1704^0
skp037316,Pasquier Quesnel^1634^1719^0
skp037644,Peter Lambeck^1628^1680^0
skp037757,Petrus Burman^1668^1741^0
skp037816,Petrus Francius^1645^1704^0
skp037851,Petrus Hotton^1648^1709^0
skp038277,Philippus Rulaeus^1640^1678^0
skp038400,Pierre Bayle^1647^1706^0
skp038568,Pierre Marcelin Corradinus^1658^1743^0
skp038661,Pieter van der Aa^1659^1733^0
skp039029,Pietro Scaven^0^0^1651
skp039570,Raphael Fabretti^1618^1700^0
skp039808,René-François de Sluse^1622^1685^0
skp040288,Rudolph Martin Meelführer^0^0^1701
skp041088,Scipio Maffei^0^0^1711
skp041218,Sertorio Orsati^1617^1678^0
skp041279,Sigismondo Chigi^1649^1678^0
skp041798,Stephanus Gradius^1613^1683^0
skp042419,Thierry Ruinart^1657^1709^0
skp042454,Thomas Bartholin^1616^1680^0
skp042495,Thomas Fritsch^1666^1726^0
skp042650,Thyrso Gonzalez de Santalla^1624^1705^0
skp042949,Valentin Conrart^1603^1675^0
skp043034,Valerio Chimentelli^1620^1668^0
skp043306,Vincent Placcius^1642^1699^0
skp044141,Wilhelm Ernst Tentzel^1659^1707^0
skp044470,Willem Goes^1611^1686^0
skp044603,Willem Surenhuisen^1666^1729^0
skp044848,William Sherard^1659^1728^0
skp053080,Henry Newton^1651^1715^0
skp053467,Étienne Baluze^1630^1718^0
